ASSAULT ON WOMEN WITH INTENT TO OUTRAGE HER MODESTY,CRUELTY BY HUSBAND OR RELATIVES,DOWRY DEATH,IMMORAL TRAFFIC(PREVENTION)ACT,INDECENT REPRESENTATION OF WOMEN(PREVENTION)ACT,INSULT TO THE MODESTY OF WOMEN,KIDNAPPING & ABDUCTION,RAPE
10.8860008894599,28.0056332460345,1.51455255225577,1.51208183031082,2.48307555467708,8.19291396946188,3.8642091219054198,2.6436724810989802
12.857142857142902,3.5714285714285694,0.0,0.0,0.0,0.178571428571429,7.857142857142861,8.571428571428571
5.5961415703241375,21.2781048301298,0.709270161004327,0.148946733810909,0.0,0.070927016100433,10.4333640683736,10.1922122136322
1.9249864596497601,3.68974544141542,2.64488174760787,0.060931576096768,0.0,0.027080700487452997,2.84347355118252,3.5092074381657303
13.565110780278498,7.21604343637797,0.875733426744899,0.122602679744286,0.0,0.972064103686838,1.58507750240827,8.599702250634909
2.71370420624152,1.89959294436906,0.27137042062415195,1.35685210312076,0.0,0.949796472184532,0.949796472184532,2.71370420624152
3.09138773975179,21.914253478751398,0.157954118089507,0.165475742760436,0.0,0.451297480255735,4.0955246333208,1.18841669800677
3.8130943672275097,22.0555961960497,2.4597659107534797,0.804681784930505,0.0,3.73994147768837,5.06583760058522,4.46232626188734
10.065645514223199,10.6908408877774,0.250078149421694,0.0,0.0,1.03157236636449,4.6889653016567685,4.97030321975617
18.7274453941121,3.34283000949668,0.170940170940171,0.018993352326686,0.0,6.70465337132004,13.4283000949668,5.470085470085468
2.37022662693187,5.55132025781412,2.09993762561508,0.097026820985515,0.0,0.10395730819876599,3.70088017187608,5.92556656732968
6.52507585222203,8.948777440656789,0.89594859896484,2.18454399428877,0.0,0.09994645725504199,1.3921113689095101,1.55630912011422
15.2504940137161,23.2418923631291,0.15692200395210998,1.1681971405323701,0.15111007787980898,1.52272463094269,1.02871091479716,2.9757061490177796
20.945193616231602,10.188048991711,2.29493999752567,0.058765309909687015,0.0,2.4124706173450496,2.16813064456266,9.30966225411357
6.49304737214235,14.4473250058921,0.8563123576086099,0.632414172362322,0.003928038337654,2.0406159164113404,1.89920653625579,2.8497918139680998
6.05012964563526,1.29645635263613,0.0,0.0,0.0,0.0,7.17372515125324,1.7286084701815
3.6466774716369503,1.5397082658022698,0.16207455429497594,0.08103727714748797,0.0,0.08103727714748797,1.78282009724473,6.645056726094
14.2241379310345,0.43103448275862105,0.0,0.0,0.0,0.0,0.0,17.8879310344828
0.7850834151128561,0.0,0.0,0.39254170755642803,0.0,0.09813542688910701,0.5888125613346421,1.27576054955839
14.309286856082098,3.7539318310730696,2.37714639302841,0.20625999071829998,0.0,1.24271644407776,3.4032898468519597,4.841953282112097
3.48713760718661,7.9297672519395705,1.08615761535321,0.367496937525521,0.0,0.391996733360555,4.45079624336464,4.238464679461
8.16279452957654,26.923710660734898,1.4466963255890601,0.29988465974625106,0.43170209260174697,0.09227220299884699,5.582468281430218,4.0797495468775695
4.76190476190476,2.56410256410256,0.0,0.7326007326007329,0.0,0.0,3.2967032967033,8.79120879120879
4.71553677506277,6.05058484904158,0.636903668320167,3.67138220344173,0.076550921673097,2.67928225855839,3.35905444301549,1.60144528140119
14.506539833531498,32.4019024970273,2.14030915576694,0.0,0.0,0.23781212841854896,4.81569560047562,9.33412604042806
2.85504047093451,8.660213958227201,2.3501443368993,0.055470651497142,0.0,3.26257995132167,3.80709797928341,1.86562517688346
3.1801350468307596,10.084948812894801,1.52472228272707,0.19603572206491002,0.0,1.37225005445437,4.9444565454149405,2.5484643868438197
5.465960556900151,23.723371114998397,1.08073135079437,0.148570606982819,0.023963001126261,0.23723371114998396,3.81011717907551,5.04660803719058
10.7142857142857,9.18367346938776,0.510204081632653,0.510204081632653,0.0,1.0204081632653101,4.59183673469388,1.5306122448979598
6.46464646464646,22.6262626262626,0.202020202020202,1.01010101010101,0.202020202020202,2.22222222222222,9.292929292929287,4.44444444444444
0.0,2.56410256410256,0.0,1.70940170940171,0.0,0.0,5.12820512820513,5.98290598290598
0.0,3.40909090909091,1.1363636363636398,5.68181818181818,0.0,0.0,1.1363636363636398,1.1363636363636398
11.751963173571598,24.194421879231,1.86839967506093,0.8529650690495529,0.0,2.26103438938532,15.800162469537005,8.096398591930681
5.405405405405412,5.405405405405412,0.0,0.0,0.0,0.0,0.0,2.7027027027027
15.6966490299824,2.9982363315696605,0.3527336860670189,0.8818342151675479,0.0,5.643738977072308,2.46913580246914,1.58730158730159
10.6777030522504,21.1251939989653,1.20538023797206,0.902741852043456,2.35126745990688,5.9130884635282,2.4081738230729397,2.44697361614071
8.082706766917289,2.63157894736842,0.0,0.0,0.0,0.0,9.58646616541353,5.82706766917293
6.602496616032491,13.596029478117002,0.4511956685215821,0.165438411791247,0.0,0.045119566852158004,10.159422469544301,8.234320950518871
1.6647309330236202,4.5489740611691785,2.19947735191638,0.021777003484321,0.002419667053813,0.026616337591947002,1.6308555942702299,2.38337204800619
13.808857808857805,5.6037296037296,0.7365967365967371,0.065268065268065,0.0,0.979020979020979,1.38927738927739,8.37296037296037
2.85285285285285,3.6036036036036,0.30030030030029997,3.7537537537537498,0.0,1.05105105105105,1.95195195195195,4.65465465465466
2.8792470888498998,14.691338331472304,0.215345350135588,0.295102887222843,0.055830275961077994,0.366884670601372,3.4255862178975898,0.941138937629606
3.3828301701248904,15.911102369947901,2.18310551676664,0.560527092142787,0.0,12.8036188415773,2.66496213983676,3.4713344478316497
8.16193274567418,7.21514854717597,0.19588638589618,0.163238654913483,0.0,0.587659157688541,3.13418217433888,4.1136141038197795
17.7018005259964,1.4363746712522802,0.202306291725673,0.040461258345135004,0.0,7.6067165688852905,12.4418369411289,4.26866275541169
3.131924951987,4.12911803811494,1.9352932486334802,0.044319692716797005,0.0,0.014773230905598999,1.9352932486334802,5.25927020239326
5.94434443444345,6.39063906390639,0.727572757275728,5.104260426042599,0.0,0.315031503150315,0.915091509150915,1.2038703870387
11.6866746698679,17.5870348139256,0.198079231692677,0.9543817527010799,0.09603841536614699,0.408163265306122,0.612244897959184,2.3649459783913596
22.7742858093053,9.77086035451794,2.15504340017959,0.10974758056470098,0.0,2.34460740297316,2.02201602979813,9.10572350261066
5.54883643339728,11.368754691800802,0.7673700892484779,0.37325882058553705,0.016681958461924,1.4221369588789698,1.30536324964551,2.6440904162148597
4.0,0.36363636363636404,0.0,0.0,0.0,0.0,6.454545454545452,1.6363636363636398
1.1082693947144098,0.341005967604433,0.0,0.085251491901108,0.0,0.085251491901108,0.8525149190110829,3.41005967604433
19.9546485260771,0.680272108843537,0.0,0.0,0.0,0.0,0.453514739229025,12.2448979591837
0.41322314049586795,0.0,0.0,0.10330578512396699,0.0,0.20661157024793397,0.30991735537190096,1.44628099173554
8.98277717976319,6.93756727664155,1.5016146393972,0.05920344456404701,0.0,1.01184068891281,2.0075349838536103,3.9020452099031204
2.9656295534413304,8.45975829262021,0.94283020485129,0.4628439187451789,0.008571183680465999,1.7056655524127902,2.52849918573755,3.25704979857718
9.63415066889039,20.3434938433696,1.3803626556900002,0.18097299599020605,0.30871864021858697,0.117100173876016,6.2098577055462885,3.7259146233277702
9.65250965250965,0.386100386100386,0.0,0.386100386100386,0.0,0.0,0.0,3.8610038610038595
6.400151932390091,4.921976387174371,0.696356787896053,8.986167821985882,0.018991548760801998,2.78859240971101,2.00044313613775,1.7630487766277299
7.94246404002502,15.4471544715447,1.25078173858662,0.0,0.0,0.0,1.81363352095059,7.12945590994371
1.34210140321713,3.2097980736322302,1.61589986799003,0.057448785019313,0.0,6.07490343714858,1.83224954774361,1.11352857771476
3.15838365071993,7.3618207152810005,2.15977705527171,0.0,0.0,2.27589410125406,3.1119368323269905,2.48490478402229
2.98004924870597,12.4327855671139,0.8266747072717221,0.381928740137695,0.002512689079853,0.17840092466958102,2.01266395296246,2.51771445801297
5.32544378698225,4.142011834319529,0.0,0.0,0.0,1.18343195266272,1.18343195266272,1.18343195266272
2.66990291262136,22.572815533980602,0.242718446601942,0.9708737864077672,0.0,0.9708737864077672,6.79611650485437,4.36893203883495
4.25531914893617,2.12765957446808,0.0,2.12765957446808,0.0,0.0,4.25531914893617,1.06382978723404
4.0,0.0,1.33333333333333,0.0,0.0,0.0,1.33333333333333,6.66666666666667
7.3956442831216,18.3151845130067,1.9661222020568705,0.695704779189353,0.0,1.58802177858439,12.0538415003025,7.4107683000605
3.03030303030303,3.03030303030303,0.0,0.0,0.0,0.0,0.0,6.06060606060606
11.2449799196787,0.803212851405622,0.200803212851406,2.61044176706827,0.0,5.42168674698795,2.61044176706827,0.401606425702811
11.327233812357399,31.4909330385493,1.1854081896653101,1.11014417762307,0.04939200790272099,8.7353293976527,3.29985652797704,3.1540325046452002
11.2794612794613,4.37710437710438,0.16835016835016794,0.16835016835016794,0.0,0.336700336700337,9.76430976430977,7.7441077441077395
12.2169842639931,42.5403359670673,0.9295531505212141,0.199189960825974,0.019918996082598,0.033198326804329,22.309275612509108,11.393665759245698
0.24718253802002602,7.721312162218782,2.6708282709790896,0.073316854497465,0.010473836356781,0.077506389040178,7.9370731911684596,1.9418492605471496
13.0757922247632,8.00392028748775,0.661548513557661,0.040836327997387,0.008167265599477,1.3230970271153202,2.85854295981705,8.44495262985952
5.68445475638051,2.7842227378190296,0.0,4.6403712296983795,0.0,1.8561484918793505,1.8561484918793505,6.38051044083527
2.6270319827920603,23.477555626079887,0.07405056595789701,0.155153566768927,0.0,0.327938220670687,5.38453401036708,1.6679008427659698
4.42328755581768,26.430196309714397,2.1737298845732598,0.581346364478895,0.016850619260258003,3.65658437947595,7.5827786671160196,5.62810683292611
7.4604595643091605,7.490301402566402,0.059683676514473,0.17905102954342,0.0,2.0292450014920904,4.53595941509997,5.461056401074308
23.3816766890697,5.32366466218606,0.14149274849664,0.05305978068624,0.0,6.13724796604174,18.4117438981252,5.35903784931022
1.833914503422449,8.14283869301304,1.950148521245,0.077489345215033,0.0,0.064574454345861,5.075552111584661,5.243445692883903
10.0665922996315,12.453098063076801,0.7369097116587231,1.13240712571409,0.0,0.33803197782510197,3.6169421627285896,2.0991785822938898
20.960772209439398,29.2721252595544,0.17958359054941395,1.17851731298053,0.016835961614008,2.79476962792525,1.2009652617992,5.71861496155789
18.9768741623656,11.371866890986302,2.11868031594856,0.037069776725883,0.0,2.20707747583336,3.21366449000542,9.76646040662694
7.21766723527578,13.6007630367395,0.6034593444487241,0.6713255929125629,0.0036684458629099997,2.37348447330289,2.0910141418588,3.3731359709459103
3.9869812855980498,3.49877949552482,0.0,1.22050447518308,0.0,0.081366965012205,10.821806346623301,5.12611879576892
3.27993897787948,1.2204424103737601,0.07627765064836001,0.53394355453852,0.0,0.0,1.8306636155606397,12.509534706331001
17.2413793103448,1.6227180527383402,0.0,0.0,0.0,0.0,0.608519269776876,20.8924949290061
1.4787430683918703,0.0,0.0,0.369685767097967,0.0,0.0,0.924214417744917,1.9408502772643301
20.5951795376291,12.975897688145599,2.58239055582882,0.11805213969503199,0.0049188391539600005,1.4953271028037398,6.70929660600098,7.171667486473192
2.63157894736842,10.007739938080501,0.913312693498452,0.6656346749226011,0.0,0.2399380804953561,5.3328173374613,5.26315789473684
7.14068856639747,40.4153257635558,1.45121136681037,0.30056469731009805,0.18823243669925305,0.05464812678365402,8.188110996417509,6.220778432205959
6.529209621993131,1.3745704467353999,0.343642611683849,0.0,0.0,0.0,3.4364261168384904,11.683848797250901
4.4190724088973,5.81223379081874,0.3253667770941789,1.4789398958826299,0.10056791292001899,1.12991008045433,5.007690487458589,2.1799574065310003
17.581187010078402,48.040313549832,2.07166853303471,0.0,0.0,0.39193729003359495,6.38297872340426,12.821948488241901
3.3606574344325097,7.92916433790805,2.3225485934298,0.032085118714939,0.0,0.008280030636113002,8.18688029145708,2.03171251733631
2.8143348856043704,7.450900992103668,1.43753796315044,0.2429641627859889,0.0,1.4780319902814298,5.18323547276777,2.9965580076938703
7.6241053927155,45.2773852395496,1.3515977572138402,0.248438710853809,0.015954779596116,1.26726535077723,9.49993162237316,4.663354150521951
7.05394190871369,2.0746887966805,0.8298755186721991,0.8298755186721991,0.0,1.6597510373444,2.9045643153527005,4.9792531120332
7.12025316455696,11.5506329113924,0.7911392405063291,0.0,0.0,3.95569620253165,10.4430379746835,4.27215189873418
1.18343195266272,0.0,0.0,1.18343195266272,0.0,0.0,5.32544378698225,1.7751479289940801
0.0,3.09278350515464,0.0,3.09278350515464,0.0,0.0,0.0,5.1546391752577305
8.588304784406379,23.4494979326639,1.58298877731837,0.283520378027171,0.0,2.45717660956881,25.516834022445398,8.3402244536326
2.56410256410256,2.56410256410256,0.0,0.0,0.0,0.0,0.0,0.0
1.3215859030836998,0.8810572687224669,0.0,0.5873715124816451,0.0,0.29368575624082205,2.3494860499265804,1.9089574155653501
11.106317706835403,28.952161825328304,1.4092608570606795,1.31339277154635,1.80471670980731,10.933755152909601,3.66935097306107,3.26430831176301
14.4827586206897,2.06896551724138,0.0,0.0,0.0,0.172413793103448,7.93103448275862,8.103448275862071
9.538084207657722,36.8578825453059,1.1922605259572199,0.170322932279602,0.0,0.136258345823682,18.8513421447064,11.725030658127801
1.15063888469909,4.89344739166972,2.70852636342089,0.051714107177487,0.0,0.034476071451658,5.53556422245685,1.71302980025426
14.315683477385301,7.2249727280355796,0.9650079718049841,0.10069648401443301,0.008391373667869,1.5272300075522398,2.34119325333557,8.49207015188386
4.40097799511003,2.07823960880196,0.12224938875305601,1.9559902200488999,0.0,1.9559902200488999,2.2004889975550097,4.40097799511003
2.41442874182239,20.2407199913254,0.06867387139914,0.166263057071602,0.0,0.397585571258178,4.66259442657317,1.47468102793942
4.13913043478261,23.65217391304349,2.4695652173913,0.495652173913043,0.0,5.0434782608695725,6.20869565217391,6.26086956521739
10.6286061342241,8.351047676890369,0.060734892195566,0.030367446097783,0.0,2.3686607956270898,4.91952626784087,4.85879137564531
18.86586695747,3.8349691021446697,0.163576881134133,0.07270083605961501,0.0,4.76190476190476,15.2671755725191,4.4529262086514
1.6266100119506002,4.31549595007303,1.8324259726464,0.08630991900146101,0.039835347231443004,0.10622759261718198,4.6209002788474285,5.13212056831762
8.78180123580379,11.8782146432393,0.856087541855086,0.8353757464876249,0.0,0.286513169249888,2.0228520142221003,2.0228520142221003
16.696047767984098,27.278930907023,0.125106624964458,1.75717941427353,0.210406596531134,3.0537389820870096,1.04634631788456,3.6053454648848398
19.557412747925397,11.0529103643105,2.62491907480431,0.055911953387087016,0.0,2.70143016891295,3.03101642045789,9.2254723088694
6.8938894642689,13.998681856699,0.7400433104227472,0.5762169287261091,0.0,2.2220129931268198,2.11656152904623,3.0110159118727005
2.5833333333333304,1.5,0.0,0.0,0.0,0.0,8.91666666666667,2.8333333333333304
3.75,1.875,0.0,0.234375,0.0,0.0,2.890625,11.640625
15.5925155925156,0.6237006237006241,0.0,0.0,0.0,0.0,0.0,19.1268191268191
1.2310606060606102,0.09469696969697,0.0,0.189393939393939,0.0,0.284090909090909,0.568181818181818,1.51515151515152
14.551921053949801,10.354155187096099,1.9435956519561202,0.12523167860542,0.0,1.1621499774583,4.56845163552572,5.13449882282222
2.75649632730432,9.1856883342548,0.955690703735882,0.46599794644972703,0.0,0.30013427059474,4.54940368059395,4.3124555722296805
7.3265465935786995,34.909945184025105,1.44714173844949,0.25685199686765897,0.250587314017228,0.07204385277995301,7.7588097102584195,4.9209083790133095
3.8732394366197203,1.05633802816901,0.35211267605633795,1.05633802816901,0.0,0.0,2.1126760563380302,6.33802816901408
4.21049477059546,4.70496568671521,0.494470916119752,1.69918187539333,0.041955108034403,1.9119542089963701,4.38730558302616,2.05580029368576
21.5596330275229,53.72706422018349,1.43348623853211,0.05733944954128501,0.0,0.5160550458715599,5.21788990825688,13.646788990825698
2.99321623388454,8.54990301250656,2.3759256679276803,0.024648755237861,0.001071685010342,0.011788535113759,5.859973636548751,1.6750436711641699
2.60308204914619,6.95543523531862,1.56184922948771,0.08329862557267799,0.0,3.43606830487297,5.1853394418992105,2.51978342357351
5.7286946013153885,41.358153803249,1.17827511678171,0.13014478607450802,0.00464802807409,0.3788142880383,6.423574798391781,5.3707964396105
13.839285714285701,4.017857142857141,0.0,1.33928571428571,0.0,4.46428571428571,3.5714285714285694,10.7142857142857
5.00863557858377,7.08117443868739,0.863557858376511,0.518134715025907,0.0,0.690846286701209,4.83592400690846,5.35405872193437
7.33333333333333,2.0,0.0,0.666666666666667,0.0,1.33333333333333,6.66666666666667,2.0
2.1505376344086002,3.2258064516129,0.0,6.45161290322581,0.0,0.0,2.1505376344086002,1.0752688172043001
7.50031199301136,17.5215275177836,1.78460002495944,0.349432172719331,0.0,0.998377636340946,21.714713590415602,6.32721827031075
0.0,0.0,0.0,0.0,2.63157894736842,0.0,0.0,0.0
7.1875,1.09375,0.15625,1.71875,0.0,3.4375,2.1875,0.46875
9.95049634615888,18.3818329448126,1.17603918384452,2.28135886220173,6.29403598837057,5.30134367060426,2.23683176615417,2.62447942586238
12.952380952381,2.47619047619048,0.0,0.0,0.0,0.3809523809523809,7.238095238095242,7.238095238095242
7.51718869365928,12.9411764705882,0.53475935828877,0.183346065699007,0.022918258212376,0.053475935828877,9.74789915966387,7.41023682200153
1.53151820065108,3.8892177172733504,2.28617934300089,0.024662128834961,0.0024662128834960005,0.014797277300977,1.8348623853211001,2.56486139883595
14.064871016691999,6.1930955993930175,0.806145675265554,0.113808801213961,0.0,1.39415781487102,1.46054628224583,9.40819423368741
2.73556231003039,1.2158054711246202,0.30395136778115506,3.79939209726444,0.0,0.9118541033434652,0.7598784194528879,1.8237082066869301
3.03840544482256,13.454059309674301,0.251174850105331,0.230918813806514,0.016204829039054,0.421325555015395,3.26932425862907,1.0816723383568299
4.55137844611529,15.6892230576441,2.56641604010025,0.32080200501253103,0.0,14.275689223057599,2.90726817042607,3.619047619047621
10.7697390155269,7.73042616451933,0.19821605550049598,0.066072018500165,0.0,0.396432111000991,3.8321770730095803,4.52593326726132
16.145619086795598,1.1106540518305201,0.370218017276841,0.061703002879474014,0.0,7.568901686548751,12.258329905388699,3.9489921842863
3.08929645219483,4.41972339146122,2.0670475045099197,0.022549609140108,0.0,0.022549609140108,1.33794347564642,5.99067949488876
6.26330191547583,6.93979933110368,0.8855275159622991,5.27515962298571,0.0,0.38005472788081496,1.14016418364244,1.10975980541198
12.853423745232199,17.1701882908518,0.10292425985348401,0.799176605921172,0.157413573893564,0.617545559120906,0.550947508627475,3.0211297451111
24.136995591726,10.5696846388606,2.28552051542896,0.047473719905053,0.0,2.65513733468973,2.16683621566633,9.80332316039335
5.688990553649338,11.337738806286302,0.6417588003558271,0.385478883382048,0.008472063371034,1.6287541830812902,1.3767102977930301,2.8635574194094997
5.34069981583794,0.920810313075506,0.0,0.5524861878453039,0.0,0.0,7.55064456721915,1.28913443830571
1.98618307426598,0.0,0.0,0.0,0.0,0.0,0.863557858376511,3.28151986183074
16.7816091954023,0.6896551724137929,0.0,0.0,0.0,0.0,0.45977011494252895,17.4712643678161
0.10460251046025099,0.0,0.0,0.41841004184100394,0.0,0.0,0.41841004184100394,1.7782426778242701
8.73945004083855,6.35447862782467,1.3503947726654,0.130683365096651,0.0,1.02368635992377,2.35230057173972,3.76259188674108
2.96006944444444,8.194444444444441,1.44097222222222,0.329861111111111,0.069444444444445,1.25868055555556,3.0729166666666696,2.59548611111111
9.879491911844529,20.594940831614398,1.44392574096189,0.19903738283935896,0.19541852133318904,0.159229906271487,7.30648138095755,3.8034234429848395
6.66666666666667,1.1764705882352902,0.0,0.0,0.0,0.0,0.7843137254901958,2.35294117647059
5.9960388448760495,3.36059289547662,0.7762586250958341,11.276514183490901,0.01597239969333,5.48811653462816,2.28085867620751,1.7058522872476398
8.111533586818759,14.9556400506971,1.01394169835234,0.0,0.0,0.0,3.0418250950570296,6.8441064638783295
2.67419680592437,7.08007629876202,2.36002543292067,0.05236189550061701,0.0,2.35254516213487,2.8649437109623395,1.76409719365174
3.42465753424658,7.4633915918752995,1.5588096362777502,0.0,0.0,2.2909777987718503,3.66084081247048,2.10203117619273
2.45486261427589,10.3618630471874,0.695204868980621,0.10695459522778801,0.0,0.086582291374876,1.7672973592401102,1.93282232804502
10.303030303030301,2.42424242424242,0.0,0.0,0.0,1.8181818181818201,0.606060606060606,1.21212121212121
9.0,14.0,0.25,0.75,0.0,7.0,11.75,4.5
3.19148936170213,3.19148936170213,0.0,0.0,0.0,0.0,5.31914893617021,4.25531914893617
0.0,4.2253521126760605,0.0,4.2253521126760605,0.0,0.0,2.8169014084507,0.0
6.93839452395769,2.10018668326073,2.10018668326073,1.07342874922215,0.0,1.99128811449907,13.8923459863099,6.2694461729931605
3.125,0.0,0.0,0.0,0.0,0.0,0.0,3.125
12.065439672801599,1.84049079754601,1.0224948875255602,5.52147239263804,0.0,5.31697341513292,1.2269938650306698,1.2269938650306698
11.5112524926408,31.753869528059997,1.42199221346501,1.17984996676479,0.745418288861457,8.68388567087646,3.8267970753014895,3.42322666413446
8.68824531516184,3.0664395229982997,0.0,0.0,0.0,0.0,10.221465076661,7.15502555366269
8.022864828513791,35.279085406859394,0.813718897108272,0.141223940820444,0.0067249495628779994,0.053799596503025994,21.4660390047075,11.4324142568931
1.67799490229397,5.53738317757009,3.0012744265080697,0.048853016142735996,0.0,0.023364485981309,6.478334749362791,1.9838572642311
13.6909196258588,6.9034020362552795,0.8608558894131279,0.12416190712689301,0.0,1.44027812267196,3.02127307342107,8.71616588030792
3.44827586206897,2.14030915576694,0.11890606420927498,2.14030915576694,0.35671819262782395,1.4268727705113,2.0214030915576697,3.44827586206897
2.4450314106224997,21.6019417475728,0.107081667618504,0.16419189034837198,0.0,0.33195316961736104,5.14705882352941,1.56696173615077
4.05648267008986,23.448866067607998,2.18228498074454,0.48780487804878103,0.0,4.19341035515618,6.27299957210099,6.27299957210099
9.96387718242023,7.1944611679711,0.12040939193257096,0.060204695966285,0.0,1.86634557495485,5.74954846478025,5.05719446116797
21.4016848897652,5.12636673238932,0.197167951245743,0.035848718408317,0.0,6.273525721455457,18.336619465854106,4.96504749955189
2.0754222862380503,4.31452140893021,1.8462747152023,0.09820610187246302,0.0,0.045829514207149,4.32106848238837,5.13290559120073
8.90771227542865,12.6784616435549,0.9119475374000959,1.19885238062709,0.006831067695880999,0.276658241683175,2.4421067012774103,2.17227952729012
21.2155445097153,30.371667419792104,0.084726615454135,1.1127428829643,0.067781292363308,3.23655671034794,1.24830546769092,6.39403524627203
19.303733310163103,10.808932140064304,2.3488863787760295,0.06951081762099201,0.0,2.2069684594664998,3.1511570654849796,9.86474353404582
7.04994797086368,13.2599970269065,0.6299241861156529,0.7246915415489821,0.001858183439869,1.9901144640998998,2.32644566671622,3.1607700312174796
3.13014827018122,3.21252059308072,0.082372322899506,0.0,0.0,0.0,9.555189456342669,4.36573311367381
5.709876543209879,1.6203703703703702,0.077160493827161,0.15432098765432098,0.0,0.077160493827161,2.8549382716049396,10.0308641975309
14.784394250513301,1.84804928131417,0.0,1.6427104722792605,0.0,0.205338809034908,0.0,15.811088295687899
0.841908325537886,0.09354536950421,0.0,0.187090739008419,0.0,0.0,0.280636108512629,2.15154349859682
15.917212626563401,11.5147905499305,2.3079213817748703,0.11415525114155302,0.004963271788762999,1.1663688703593402,5.00297796307326,5.5191582291046295
2.2045028142589103,8.88055034396498,1.11788617886179,0.3908692933083179,0.0,0.242338961851157,4.04158849280801,3.74452782989368
7.5440868171167805,37.6680231841164,1.58465902084104,0.249722530521643,0.314465408805031,0.027746947835737997,8.364163275373041,5.54938956714761
8.362369337979091,1.39372822299652,0.0,0.348432055749129,0.0,0.0,3.48432055749129,5.57491289198606
4.36711121695642,5.39414146225292,0.452488687782805,1.25029768992617,0.02976899261729,1.38128125744225,5.18873541319362,2.01536080019052
16.657223796034,39.7733711048159,1.6997167138810199,0.11331444759206802,0.0,0.509915014164306,6.57223796033994,11.614730878187
3.6381441779163097,7.49847313775457,2.44508560958659,0.045279363140492,0.004212033780510999,0.003159025335383,7.923888549586168,2.15024324495082
2.38144118250873,6.30260726750154,1.7039622254157298,0.061588996099364,0.0,1.4781359063847301,5.80989529870663,2.64832683227263
5.437934367377,45.500989552170104,1.1736548994338798,0.220923275187555,0.004602568233074001,0.460256823307405,8.54006535646891,5.437934367377
6.43776824034335,2.14592274678112,0.0,1.2875536480686698,0.0,1.2875536480686698,5.150214592274679,5.5793991416309
3.4653465346534698,7.590759075907591,0.33003300330033003,0.16501650165016502,0.0,1.98019801980198,7.590759075907591,4.45544554455446
1.25,1.875,0.0,0.625,0.0,0.0,5.0,2.5
0.0,2.1052631578947403,0.0,6.31578947368421,0.0,0.0,2.1052631578947403,1.0526315789473701
7.97814207650273,19.1256830601093,1.7243472981177899,0.400728597449909,0.012143290831816,1.9672131147541,25.318761384335197,6.94596235579842
0.0,0.0,0.0,0.0,0.0,0.0,0.0,0.0
5.29500756429652,1.51285930408472,0.151285930408472,0.453857791225416,0.0,2.4205748865355496,1.36157337367625,1.0590015128593
9.08126405132998,21.96680728521989,1.1190542349761299,1.72026170207391,6.71179932806224,6.3354131406775,2.51345138555586,2.3618864778841497
12.2710622710623,1.64835164835165,0.0,0.0,0.0,0.0,7.142857142857139,6.41025641025641
6.561085972850679,16.0998394394979,0.722522259524157,0.18245511604145395,0.0,0.138665888191505,10.6261859582543,9.03517734637279
1.0525824445118699,3.67353607020328,2.36656008588699,0.065348799215815,0.0,0.030340513921628,2.1681798025532704,2.6769668821621098
13.091368725171499,6.60888407367281,0.9028530155290719,0.05417118093174402,0.0,1.19176598049838,1.6612495485734902,8.93824485373781
4.30416068866571,1.5781922525107601,0.286944045911047,5.4519368723099015,0.0,1.14777618364419,1.72166427546628,2.8694404591104705
3.10323479337564,15.825723572202401,0.18572976319455198,0.228292833926637,0.0,0.4024144869215289,3.5443429809627003,1.25367590156323
3.60018948365703,19.658929417337802,2.00852676456656,0.805305542396968,0.0,5.65608716248224,3.2591189009947903,4.36759829464709
9.13154533844189,7.2796934865900385,0.06385696040868499,0.127713920817369,0.0,0.9259259259259259,3.2567049808429105,4.50191570881226
16.258570029382998,1.4887365328109698,0.09794319294809,0.058765915768854,0.0,7.2673849167482905,12.889324191968699,3.93731635651322
2.09435310936383,4.21729807005004,1.83702644746247,0.092923516797713,0.014295925661187,0.257326661901358,2.0228734810579,5.3824160114367405
5.79524680073126,6.88482632541134,0.954296160877514,4.53747714808044,0.0,0.259597806215722,1.14076782449726,1.25411334552102
13.8083712143574,19.381309404333198,0.12397426058208899,1.32829564909381,0.637581911565027,1.03311883818407,0.7615561721471159,2.82189031229707
20.59021436124189,9.577365503540651,2.36790669358198,0.060879874395207,0.0,2.53772950110545,1.9353391649844598,9.35947963728412
6.528598009869749,12.606180729714401,0.689669120621309,0.44899279993528,0.016179920718389,1.85866839252488,1.72113906641857,3.12474718873878
2.2143489813994703,1.7714791851195801,0.0,0.08857395925597901,0.0,0.0,6.111603188662532,2.2143489813994703
3.65448504983389,0.249169435215947,0.08305647840531599,0.08305647840531599,0.0,0.0,1.5780730897009998,5.23255813953488
10.840707964601801,0.0,0.8849557522123891,0.2212389380530969,0.0,0.8849557522123891,0.0,8.1858407079646
0.704934541792548,0.0,0.0,0.40281973816717,0.0,0.0,0.906344410876133,1.7119838872104698
11.782668211013998,8.79751500473834,1.75845003685374,0.152679793619038,0.005264820469622,0.968726966410445,2.8798567968832303,4.206591555227971
2.5752508361203996,6.09531772575251,0.827759197324415,0.48494983277591996,0.0,0.35953177257525104,2.75083612040134,3.32775919732441
8.550833561082259,20.4871549603717,1.2332604536758702,0.392866903525553,0.372369499863351,0.09565455042361301,5.29174637879202,3.39232030609456
14.285714285714299,1.50375939849624,0.0,0.0,0.0,0.0,0.75187969924812,6.76691729323308
5.48814635056935,5.13347022587269,0.668906726401593,8.63978594984755,0.09333582228859401,2.06894406073051,2.4360649617323102,1.7764918175595803
9.817073170731712,26.768292682926802,2.0731707317073202,0.0,0.0,0.060975609756098,2.6219512195122,9.878048780487813
2.15730072889725,5.29626146249706,1.83870209264049,0.036444862450035004,0.0,3.3870209264048903,2.6522454737832097,1.4307547613449298
2.24769611148573,6.11373342324118,1.41604855023601,0.044953922229715,0.0,2.0004495392223,2.8096201393571603,2.9894358282760205
3.85379127748768,17.0037508273884,1.09337844132284,0.18141256649751197,0.002451521168885,0.132382143119806,2.5471304944718196,4.13326469074061
6.077348066298339,2.7624309392265203,0.0,0.0,0.0,0.5524861878453039,0.5524861878453039,2.20994475138122
6.8888888888888875,16.6666666666667,0.666666666666667,2.0,0.0,2.0,10.0,7.33333333333333
4.85436893203883,4.85436893203883,0.0,0.0,0.0,0.0,8.7378640776699,4.85436893203883
1.2195121951219499,3.6585365853658502,1.2195121951219499,1.2195121951219499,0.0,0.0,2.4390243902438997,2.4390243902438997
10.9012875536481,18.9413447782547,1.63090128755365,2.16022889842632,0.014306151645208001,3.2188841201716696,15.8226037195994,9.4134477825465
0.0,0.0,0.0,0.0,0.0,0.0,0.0,0.0
11.342155009451801,1.13421550094518,0.7561436672967858,0.9451795841209828,0.0,4.914933837429111,0.56710775047259,1.13421550094518
12.457643527931099,27.342917997870106,1.32152192855068,0.6752831832704039,1.7039403620873301,8.519701810436631,3.6934843644108795,2.87539936102236
10.1221640488656,2.26876090750436,0.0,0.0,0.0,1.04712041884817,4.8865619546247805,10.2966841186736
9.264117078558607,30.3603479221317,1.17354687284274,0.255419025265774,0.0,0.06903216899075,14.441529752864804,11.2591467623913
1.58778759513603,5.53757326568104,2.8322106552357598,0.087481410200333,0.0,0.0262444230601,4.34345201644651,2.03175575190272
13.5965285459032,7.59806006976942,1.08908363822003,0.076576193312346,0.008508465923594,1.29328682038628,1.9484386965030198,8.304262741427719
4.677623261694059,2.65486725663717,0.3792667509481671,2.90771175726928,0.126422250316056,1.26422250316056,2.7812895069532204,5.94184576485461
2.66173616958957,20.1588986929301,0.087870244938308,0.150111668436276,0.0,0.4173836634569621,4.2543843590964014,1.5853256690953001
3.986564129762221,23.132679218598103,2.48386811632635,0.795544948289578,0.0,5.34782993016883,5.82515689914258,5.3301511535401795
9.748620478234212,8.70631514408339,0.030656039239730006,0.15328019619865102,0.0,1.13427345187002,3.7400367872470897,5.61005518087063
17.9203539823009,3.61356932153392,0.2212389380530969,0.11061946902654901,0.036873156342182994,6.83997050147493,15.210176991150401,4.3694690265486695
1.85833557769997,4.78050094263399,1.98626447616483,0.006733099919203,0.0,0.558847293293832,3.48101265822785,4.84109884190681
7.6284198771636,11.1146007816862,0.9212730318257959,1.1481016192071498,0.0034896705750980003,0.223338916806253,1.4237855946398703,1.7762423227247301
14.5458710342458,22.9469705646547,0.114534417592487,1.79819035620204,0.13744130111098402,2.26205474745161,0.990722712175008,3.2527774596266203
18.862902261036,11.9123100849384,2.5660964230171097,0.056824979064480995,0.0029907883718149997,2.1772939346811797,2.51525302069626,8.966383538700802
6.10133251880417,14.663434004047199,0.650986980260395,0.51735328929785,0.001909052728036,2.0980489481119498,1.76778282616166,2.8311251956778998
3.2883642495784104,2.1079258010118003,0.0,0.0,0.0,0.16863406408094395,8.1787521079258,2.61382799325464
5.69169960474308,1.8972332015810296,0.0,0.07905138339921,0.0,0.07905138339921,2.05533596837945,8.853754940711461
12.8421052631579,0.842105263157895,0.0,0.21052631578947398,0.0,0.21052631578947398,0.0,17.4736842105263
1.0536398467433001,0.0,0.0,0.28735632183908,0.0,0.0,0.957854406130268,2.10727969348659
13.637742718446601,10.350930420712,1.94174757281553,0.07079288025889999,0.0,1.0618932038835,4.04025080906149,5.17293689320388
2.5469061876247503,8.47105788423154,1.0059880239521,0.47105788423153705,0.0,0.26347305389221604,4.09580838323353,4.0798403193612796
7.91275274637797,33.0234039165738,1.38831396274479,0.19742079286737804,0.337525871676485,0.076420952077695,7.355516637478111,4.83680942525076
3.5714285714285694,2.14285714285714,0.0,0.3571428571428571,0.0,0.0,2.14285714285714,6.428571428571429
3.74773687386844,4.405552202776099,0.585395292697646,2.16053108026554,0.006035003017502,1.51176825588413,3.4188292094146,1.79843089921545
22.273781902552198,47.2737819025522,1.6821345707656599,0.0,0.0,0.290023201856148,5.33642691415313,11.0208816705336
3.0354609929078,9.346426623022367,2.43535188216039,0.042553191489362,0.0,2.75395526459356,5.54064375340971,1.91925804691762
2.5147928994082798,7.628909551986481,1.9864750633981398,0.126796280642434,0.0,5.26204564666103,5.21978021978022,2.34573119188504
4.5581504518249005,37.8171576106091,1.18765403121699,0.147869968313578,0.004694284708368,0.25349137425184803,5.13320032859993,5.482924539373308
13.953488372093,9.76744186046512,0.465116279069767,0.465116279069767,0.0,3.2558139534883703,6.5116279069767415,8.37209302325581
4.72727272727273,9.27272727272727,0.36363636363636404,0.7272727272727271,0.0,0.36363636363636404,6.5454545454545485,5.27272727272727
1.4388489208633102,2.15827338129496,0.0,0.0,0.0,0.7194244604316551,6.47482014388489,2.8776978417266204
4.3956043956044,3.2967032967033,0.0,4.3956043956044,0.0,1.0989010989011,0.0,1.0989010989011
7.078738137984098,16.4529366504232,1.8081559374198501,0.34624262631443997,0.0,1.5132085150038501,21.2233906129777,6.014362657091559
0.0,0.0,0.0,0.0,0.0,0.0,0.0,2.7027027027027
8.61788617886179,1.6260162601626,0.0,1.46341463414634,0.0,2.6016260162601603,2.11382113821138,0.16260162601626002
9.75491323570753,21.4367860154872,1.30849242249994,1.03503795139155,2.8163254874901003,5.90354979682588,2.63231874057604,2.59653965089831
11.317254174396998,0.742115027829314,0.0,0.0,0.0,0.0,7.60667903525046,7.79220779220779
6.54025627731279,14.406340271091,0.548107547589067,0.207392045033701,0.0,0.08147544626324,11.495444781868,8.673431597659429
1.67244737967406,6.36432745759491,2.4445289114838196,0.057015251579798,0.0,0.03088326127239,2.3685085760440896,3.30213332066328
15.2357365620987,6.796917996697849,0.651256650155935,0.08255365987892099,0.0,1.2016143826820802,1.59603742432581,8.88827738029719
3.38235294117647,2.5,0.294117647058824,4.11764705882353,0.0,2.20588235294118,1.47058823529412,5.441176470588241
2.97294113026745,15.5323410438676,0.227781486863292,0.129599811491183,0.0,0.644071790441032,3.5541766484703303,1.33134351804579
3.88921057710867,19.5522099980699,2.42231229492376,0.598340088785949,0.0,8.203049604323489,2.8179888052499504,3.725149585022201
9.1672046481601,8.134280180761781,0.25823111684958,0.12911555842479,0.064557779212395,0.516462233699161,3.19561007101356,4.93867010974823
19.7054140127389,1.63216560509554,0.179140127388535,0.218949044585987,0.0,5.254777070063692,12.5796178343949,4.33917197452229
2.9856167368879905,4.2713932878105485,1.9976754322243202,0.021792822896993,0.0,0.021792822896993,1.29304082522156,5.78962661630103
5.31284709366901,5.87930396149574,0.9589041095890408,4.33172898926324,0.0,0.211032950758978,1.0588670862643499,1.07737874861163
13.4515802630796,19.177429914886,0.18451282661746304,0.9999404797333492,0.267841199928576,0.791619546455568,0.8451877864412829,2.85697279923814
21.833491074051103,11.2137332332496,2.45096439411246,0.07506282432035499,0.0,2.62393525015502,1.90594301752554,9.382853040044381
5.81302231987023,11.5931911049054,0.6447506211371429,0.634483891501201,0.022586805199072003,1.7699841892363601,1.6159832446972298,2.85004414693743
2.6929982046678598,0.179533213644524,0.0,0.0,0.0,0.0,6.37342908438061,2.78276481149013
2.8595458368376803,0.420521446593776,0.16820857863751099,0.0,0.0,0.0,1.5138772077375902,4.541631623212781
14.7651006711409,0.0,0.0,1.11856823266219,0.0,0.0,0.0,4.47427293064877
0.30581039755351697,0.0,0.0,0.40774719673802295,0.0,0.10193679918450599,0.40774719673802295,1.8348623853211001
9.638618340518393,6.344137527276598,1.69780190537016,0.11708978657725301,0.0,0.9047847144605892,2.25131726009899,4.09814253020384
2.20924327069578,6.78009141696293,0.9564922972744201,0.270865075334349,0.016929067208397,0.321652276959539,2.6324699509057004,3.30116810563738
9.83361180729602,23.604149262044,1.31927039821777,0.27499303815093296,0.30980228348649397,0.142717905875801,6.547619047619048,3.6131996658312406
15.2671755725191,0.38167938931297707,0.0,0.38167938931297707,0.0,0.0,1.52671755725191,1.1450381679389299
5.83898092369478,4.50865963855422,0.7059487951807231,9.48167670682731,0.32003012048192797,3.39169176706827,2.1711847389558203,1.93900602409639
8.271604938271611,18.641975308642,1.23456790123457,0.0,0.0,0.0,3.3333333333333304,9.876543209876539
2.27733096810538,5.9330464695377,2.0472006808021,0.05273819084033498,0.0,3.2146324507677,2.78553535256679,1.67443755918064
3.2670779072424,9.25291295407814,1.87342928946767,0.091386794608179,0.0,2.51313685172493,2.90153072880969,2.6273703449851498
3.88556683125326,15.7159516661291,0.9825571297422032,0.300225789643451,0.062030121827159,0.158797111877528,2.52586656080192,3.6597771878024
3.44827586206897,2.8735632183908,0.0,0.0,0.0,1.72413793103448,1.72413793103448,5.747126436781612
4.651162790697679,16.9767441860465,1.3953488372093001,2.09302325581395,0.0,4.18604651162791,10.0,4.41860465116279
5.1546391752577305,3.09278350515464,0.0,0.0,0.0,0.0,7.21649484536082,7.21649484536082
1.2658227848101298,5.06329113924051,0.0,1.2658227848101298,0.0,0.0,0.0,1.2658227848101298
8.8395352257685,18.4438888071775,1.8532137078982198,1.80908957199588,0.0,1.91204588910134,12.9577879099868,8.104132960729519
0.0,2.9411764705882297,0.0,0.0,0.0,0.0,0.0,0.0
9.765625,0.390625,1.171875,0.78125,0.0,5.859375,1.5625,0.78125
11.324807673094199,22.889399540413603,1.29633330002997,1.64102307922869,3.3644719752223,6.022080127884902,3.31951243880508,2.6201418723149197
11.392405063291099,2.53164556962025,0.180831826401447,0.0,0.0,0.3616636528028929,9.22242314647378,6.69077757685353
9.27924039706517,18.3282980866062,0.7552870090634441,0.20860307869371306,0.0,0.07193209610128,11.106315638037698,8.948352754999279
1.2159867847473995,3.87509750837425,2.72564584958473,0.029826090946633996,0.0,0.12159867847474001,2.48703712201166,2.82659569586565
14.205707173971,6.37389990221353,0.9156369455062672,0.11556582807360699,0.0,1.2712241088096699,1.5823628767001499,8.84523068717219
2.51396648044693,1.9553072625698305,0.0,3.63128491620112,0.0,0.977653631284916,1.3966480446927398,2.93296089385475
2.80701754385965,18.9816933638444,0.1906941266209,0.297482837528604,0.0,0.526315789473684,3.60411899313501,1.3501144164759695
4.52261306532663,20.9752466033873,2.37297599106644,0.790991997022148,0.0,4.56914200632794,4.0107947143123,5.6579192257584205
8.68603916614024,8.18066961465572,0.09475679090334801,0.0,0.0,0.9791535060012628,3.44283006948831,3.5691724573594397
18.5149469623915,2.60366441658631,0.192864030858245,0.09643201542912301,0.0,6.6923818707811,13.9440694310511,4.82160077145612
2.91323622545915,4.70058405460559,1.97734149602421,0.07740482724649901,0.014073604953908999,0.309619308985997,2.88508901555133,5.62240517908662
6.0791042080549005,7.690084883510928,0.881343687917645,2.8390825356691303,0.0,0.137258443200289,1.18475708867618,1.44482571789778
14.8939908633009,21.717230877357398,0.146421459529109,1.10694623404006,0.345554644488696,1.30022256061848,1.1830853929952,3.51997188707977
19.648758379756398,9.407358448997579,2.4045573285494,0.037767916155226,0.0062946526925380004,2.39826267585686,1.9419003556478798,9.127246404179653
6.93290289153265,13.4273928379267,0.77120822622108,0.7532731511926819,0.017935075028397,1.9609015364380904,1.8353560112393101,2.9891791713995297
3.6745406824147,0.8748906386701658,0.0,0.0,0.0,0.0,6.9116360454943075,3.499562554680661
4.67596390484003,1.06644790812141,0.492206726825267,0.082034454470878,0.0,0.0,2.05086136177194,6.07054963084496
11.135371179039302,0.218340611353712,0.0,0.0,0.0,0.0,0.218340611353712,15.720524017467305
0.29821073558648103,0.29821073558648103,0.0,0.894632206759443,0.0,0.198807157057654,0.29821073558648103,2.28628230616302
12.5807459887477,3.61533652844343,2.38070431339862,0.22921441967076506,0.0,1.2867264013336102,3.0058345488643505,5.1312773494478
2.59418374091209,6.617647058823531,1.07402511566424,0.553536021150033,0.008261731658956,0.49570389953734295,3.4534038334434904,3.6516853932584303
8.66123243098185,23.6087350306934,1.3216597900104,0.479688705511388,0.34215558015497605,0.10398846063533601,5.20948643118312,3.63959612223676
5.20446096654275,2.23048327137546,0.0,0.0,0.0,0.0,2.60223048327138,7.434944237918217
3.6383274186082404,3.85125752198735,0.577071439592655,5.34485418916834,0.108008023453171,2.6292238852029,2.21570745255362,1.4102761919456899
12.4623720650211,28.356411800120398,2.1071643588199898,0.0,0.0,0.0,3.73269114990969,11.378687537627899
2.4177269214354102,6.00279145951807,2.07398521218553,0.080744696803664,0.0,3.1305872446449,2.94256745065922,1.5156933085716298
3.3849557522123903,7.92035398230088,1.76991150442478,0.066371681415929,0.0,2.5,4.04867256637168,3.2522123893805297
4.45139090820975,17.96549384511,1.07831734031211,0.15993021227100898,0.009692740137636999,0.15266065716778102,2.90539885625666,4.19453329456237
7.4468085106383,3.72340425531915,0.0,0.0,0.0,2.12765957446808,2.65957446808511,3.19148936170213
4.24628450106157,21.656050955414,2.12314225053079,0.636942675159236,0.0,2.7600849256900197,12.1019108280255,4.03397027600849
4.58715596330275,4.58715596330275,0.9174311926605501,0.0,0.0,0.9174311926605501,12.844036697247699,5.504587155963299
2.35294117647059,2.35294117647059,0.0,1.1764705882352902,0.0,0.0,1.1764705882352902,3.5294117647058796
9.99165043139438,24.0467575841915,1.90648483161703,1.5585861397161105,0.013915947676036999,2.00389646534929,14.834400222655196,8.66963540217089
0.0,2.77777777777778,0.0,0.0,0.0,0.0,0.0,0.0
10.2376599634369,3.47349177330896,0.548446069469835,1.46252285191956,0.0,7.12979890310786,2.37659963436929,1.64533820840951
11.5647921760391,25.19804400978,1.35941320293399,0.8728606356968209,2.17359413202934,8.68215158924205,3.41320293398533,3.0733496332518304
12.6984126984127,2.2927689594356297,0.0,0.0,0.0,0.17636684303351,8.28924162257496,7.40740740740741
8.89883867356933,24.331887505247003,0.7205820624038058,0.188890443542745,0.013991884706870001,0.013991884706870001,12.5157408702952,10.0601651042395
2.2187673514714,4.424208772903941,2.68739589117157,0.086618545252638,0.0,0.046640755136035994,3.9733481399222703,2.8917268184342
13.989816173297699,7.7414343660999405,0.9148183308880641,0.034521446448606004,0.0,1.07879520151894,1.8641581082247296,8.44049365668422
4.19397116644823,1.57273918741809,0.26212319790301397,1.8348623853211001,0.0,1.57273918741809,3.6697247706422003,3.9318479685452203
3.07190027454181,22.6088892186688,0.100170661126363,0.19292127328040398,0.0,0.452622987311716,4.15151740001484,1.38754915782444
3.9101123595505602,21.8876404494382,2.71460674157303,0.692134831460674,0.0,5.4382022471910085,5.78876404494382,5.67191011235955
9.13030021665119,10.6159083874961,0.092850510677809,0.030950170225936,0.0,1.26895697926339,4.240173320953272,4.85917672547199
17.4929840972872,3.0308699719363905,0.39289055191767996,0.07483629560336799,0.0,5.53788587464921,12.273152478952301,4.09728718428438
1.8508400491736101,5.81204753448982,1.81669170878295,0.054637344625050994,0.0,0.157082365797022,3.4080043709875696,5.402267449801941
6.8953348860187695,9.309054979179901,0.913967111299315,1.82087656150752,0.0,0.155268544004517,1.42917637095067,1.57385842331851
15.8341024457776,23.869404706968197,0.178818643285648,1.07868020304569,0.109598523304107,1.4882325796031397,0.9575449930779879,3.27641901245962
19.598005230189106,9.68497232865049,2.44785014899957,0.030408076385088,0.0,2.30493218998966,2.23803442194247,8.93085203430031
7.0066407233160986,15.157499370776902,0.7550676656792701,0.6330951966080041,0.0019360709376389999,2.11225339296432,1.93219879576388,3.0163985208418
4.86763450042699,2.39111870196413,0.085397096498719,0.0,0.0,0.0,7.429547395388559,3.2450896669513196
4.32,2.56,0.16,0.24,0.0,0.32,2.0,7.04
16.595744680851098,1.06382978723404,0.0,0.21276595744680799,0.0,0.0,0.21276595744680799,16.3829787234043
1.454898157129,0.3879728419010671,0.0,0.096993210475267,0.0,0.096993210475267,0.678952473326867,1.84287099903007
14.204023281936099,8.26100275707138,2.04738078219136,0.148064944348004,0.0,1.4398039415909298,3.8905340549372,5.6826304503216605
3.13256902954949,7.94445341514613,1.0334248344905501,0.34716615533667,0.0,0.39560794445341496,4.14984660100113,4.1740674955595
8.16141464520517,26.275221038313305,1.4217702497004199,0.23318327557729104,0.34653625676069605,0.061534475499562986,6.03361725556239,4.3883797001003995
6.8840579710144905,1.81159420289855,0.0,0.0,0.0,0.0,1.4492753623188401,7.2463768115942
5.18189830714525,5.00866182414977,0.629121964562502,2.0879555055770003,0.012156946175121001,2.96021639364192,3.525514390785029,1.74148253958606
20.31708749266,43.1591309453905,0.939518496770405,0.0,0.0,0.234879624192601,6.45918966529654,11.978860833822699
3.28373467868295,9.23668448365911,2.4858593828134503,0.06334107502028,0.0,3.74934714242852,4.932825123070599,2.07914300636744
2.57400257400257,7.2930072930072924,1.5658515658515701,0.064350064350064,0.0,6.56370656370656,4.76190476190476,1.8661518661518701
5.68122539953526,32.3967373263148,1.06937923839332,0.147010006164936,0.0071133873950779995,0.22288613837909602,4.52174325413762,5.36586522502016
11.7073170731707,12.6829268292683,0.975609756097561,0.0,0.0,1.46341463414634,6.34146341463415,5.85365853658537
3.6398467432950197,9.386973180076632,0.574712643678161,1.34099616858238,0.0,0.3831417624521071,8.04597701149425,3.8314176245210696
3.1496062992126,3.1496062992126,0.0,2.3622047244094504,0.0,0.0,8.66141732283465,4.724409448818901
2.2471910112359597,5.617977528089888,0.0,6.74157303370787,0.0,1.1235955056179798,1.1235955056179798,0.0
8.05006587615283,18.27404479578389,1.699604743083,0.790513833992095,0.0,1.71277997364954,14.967061923583698,6.13965744400527
0.0,2.7027027027027,0.0,0.0,0.0,0.0,2.7027027027027,5.405405405405412
11.0169491525424,2.03389830508475,0.338983050847458,0.508474576271186,0.0,3.5593220338983103,1.52542372881356,1.35593220338983
9.40477138232094,15.3676724252315,1.1145609426001102,3.5347504179603497,2.45468779025025,6.026590239630599,2.0300931454502,2.31138709763023
15.057915057915098,2.12355212355212,0.0,0.0,0.0,0.579150579150579,10.6177606177606,6.37065637065637
6.6004037894082925,9.690945799037117,0.4581456747942229,0.04659108557229402,0.07765180928715598,0.031060723714862997,8.30874359372574,6.34415281876068
1.41365865928814,3.91900389888064,2.16073449880518,0.07294679914476201,0.0075462206011819985,0.052823544208275994,1.3029807571374699,2.23368129794994
17.0173745173745,8.10810810810811,0.675675675675676,0.11583011583011599,0.0,1.5540540540540502,1.65057915057915,9.25675675675676
2.57575757575758,1.6666666666666698,0.303030303030303,4.24242424242424,0.0,1.06060606060606,0.9090909090909092,1.8181818181818201
3.11303273625695,15.0998558781141,0.27589046736668704,0.251183858348775,0.0,0.45707226683137697,3.52892732139181,1.1776816965204902
4.88702586647582,15.4687659748492,2.91381249361006,0.214701973213373,0.0,4.09978529802679,3.03649933544627,4.06911358756773
10.3678929765886,10.602006688963199,0.334448160535117,0.033444816053512,0.0,0.468227424749164,3.5117056856187303,4.1471571906354505
13.004390549864096,1.04536901526239,0.27179594396822104,0.146351662136734,0.0,6.0213255279113485,10.5373196738449,3.53334727158687
2.2739453334354196,3.70568869152439,1.66143480591073,0.022969144782176005,0.0,0.038281907970293,2.1361304647423602,4.34116836383125
6.4156905055487075,6.76248458692972,0.847718865598027,5.2250308261405705,0.0,0.31211467324291,1.0442355117139301,1.1290073982737399
11.8609906553472,15.641605081536698,0.16490563732975,0.8062053380565558,0.25651988029072303,0.494716911989251,0.592438771147621,3.4324803029377597
24.4360642125657,8.86382507611403,2.10697481317465,0.051895931358981996,0.0,2.5982562967063396,2.31109880985331,9.86368668696374
6.07384138732304,13.102973449804196,0.6626791170015921,0.501312448900555,0.019364000172125,2.40974224364215,1.31460045612978,2.801325358234
1.96078431372549,0.46685340802987896,0.0,0.37348272642390296,0.0,0.0,5.7889822595705,1.8674136321195096
2.1872265966754196,0.349956255468066,0.0,0.0,0.0,0.0,0.962379702537183,2.27471566054243
12.121212121212098,3.72960372960373,0.0,0.466200466200466,0.0,0.0,0.233100233100233,12.121212121212098
0.63626723223754,0.0,0.0,0.10604453870625699,0.0,0.0,0.63626723223754,1.8027571580063602
9.12147266313933,6.977513227513231,1.6203703703703702,0.132275132275132,0.0,2.52425044091711,2.39197530864197,4.3540564373897706
3.27061719711623,9.91735537190083,1.39792509231581,0.281343414805697,0.008791981712678,0.41322314049586795,2.84860207490768,2.62001055037806
10.625023073799198,20.4230811828552,1.38811976224757,0.251042935725625,0.16982316240262899,0.206741241185809,7.9927640565585,3.87270646435559
0.0,0.0,0.0,0.0,0.0,5.55555555555556,0.793650793650794,3.17460317460317
5.71843251088534,2.62860828898565,0.616029672633446,16.874697629414598,0.035478148685696,3.26398967908402,1.9577487502015802,1.3642960812772098
3.72511239563263,14.579319203596699,1.02761721258831,0.0,0.0,0.0,2.24791265253693,6.55105973025048
3.64986710414203,9.36629659303346,2.8117965739575,0.033064998155991,0.0038151920949219997,3.2747065481413697,3.66131268042679,2.49004870728575
2.4741772760028797,7.23036271919289,1.34518376171031,0.0,0.0,2.01777564256546,3.0266634638481897,1.7775642565457601
2.46447946267114,9.96900025833118,0.6845776285197621,0.08008266597778399,0.0,0.12399896667527804,1.79540170498579,1.8315680702660802
11.6564417177914,5.52147239263804,0.0,0.0,0.0,0.613496932515337,1.2269938650306698,1.84049079754601
6.09137055837564,9.13705583756345,0.761421319796954,0.761421319796954,0.253807106598985,3.8071065989847694,12.6903553299492,4.56852791878173
7.070707070707071,4.04040404040404,0.0,0.0,0.0,0.0,2.02020202020202,6.06060606060606
0.0,6.06060606060606,0.0,4.5454545454545485,0.0,0.0,4.5454545454545485,0.0
8.04100592663783,2.21047573282076,1.8100272304981597,1.52170430882589,0.016017940092904,1.4416146083613601,15.4412942495595,6.10283517539644
0.0,0.0,0.0,0.0,0.0,0.0,0.0,0.0
7.18685831622177,0.616016427104723,0.205338809034908,8.0082135523614,0.0,5.54414784394251,0.616016427104723,1.84804928131417
