STATE/UT,CRIME HEAD,2001,2002,2003,2004,2005,2006,2007,2008,2009,2010,2011,2012
Andhra Pradesh,RAPE,2.31138709763023,2.62447942586238,2.44697361614071,2.59653965089831,2.36188647788415,2.62014187231492,2.64367248109898,3.07334963325183,2.87539936102236,3.26430831176301,3.42322666413446,3.1540325046452
Arunachal Pradesh,RAPE,6.37065637065637,7.23809523809524,5.82706766917293,7.79220779220779,6.41025641025641,6.69077757685353,8.57142857142857,7.40740740740741,10.2966841186736,8.10344827586207,7.15502555366269,7.74410774410774
Assam,RAPE,6.34415281876068,7.41023682200153,8.23432095051887,8.67343159765943,9.03517734637279,8.94835275499928,10.1922122136322,10.0601651042395,11.2591467623913,11.7250306581278,11.4324142568931,11.3936657592457
Bihar,RAPE,2.23368129794994,2.56486139883595,2.38337204800619,3.30213332066328,2.67696688216211,2.82659569586565,3.50920743816573,2.8917268184342,2.03175575190272,1.71302980025426,1.9838572642311,1.94184926054715
Chhattisgarh,RAPE,9.25675675675676,9.40819423368741,8.37296037296037,8.88827738029719,8.93824485373781,8.84523068717219,8.59970225063491,8.44049365668422,8.30426274142772,8.49207015188386,8.71616588030792,8.44495262985952
Goa,RAPE,1.81818181818182,1.82370820668693,4.65465465465466,5.44117647058824,2.86944045911047,2.93296089385475,2.71370420624152,3.93184796854522,5.94184576485461,4.40097799511003,3.44827586206897,6.38051044083527
Gujarat,RAPE,1.17768169652049,1.08167233835683,0.941138937629606,1.33134351804579,1.25367590156323,1.35011441647597,1.18841669800677,1.38754915782444,1.5853256690953,1.47468102793942,1.56696173615077,1.66790084276597
Haryana,RAPE,4.06911358756773,3.61904761904762,3.47133444783165,3.7251495850222,4.36759829464709,5.65791922575842,4.46232626188734,5.67191011235955,5.33015115354018,6.26086956521739,6.27299957210099,5.62810683292611
Himachal Pradesh,RAPE,4.14715719063545,4.52593326726132,4.11361410381978,4.93867010974823,4.50191570881226,3.56917245735944,4.97030321975617,4.85917672547199,5.61005518087063,4.85879137564531,5.05719446116797,5.46105640107431
Jammu & Kashmir,RAPE,3.53334727158687,3.9489921842863,4.26866275541169,4.33917197452229,3.93731635651322,4.82160077145612,5.47008547008547,4.09728718428438,4.36946902654867,4.4529262086514,4.96504749955189,5.35903784931022
Jharkhand,RAPE,4.34116836383125,5.99067949488876,5.25927020239326,5.78962661630103,5.38241601143674,5.62240517908662,5.92556656732968,5.40226744980194,4.84109884190681,5.13212056831762,5.13290559120073,5.2434456928839
Karnataka,RAPE,1.12900739827374,1.10975980541198,1.2038703870387,1.07737874861163,1.25411334552102,1.44482571789778,1.55630912011422,1.57385842331851,1.77624232272473,2.0228520142221,2.17227952729012,2.09917858229389
Kerala,RAPE,3.43248030293776,3.0211297451111,2.36494597839136,2.85697279923814,2.82189031229707,3.51997188707977,2.97570614901778,3.27641901245962,3.25277745962662,3.60534546488484,6.39403524627203,5.71861496155789
Madhya Pradesh,RAPE,9.86368668696374,9.80332316039335,9.10572350261066,9.38285304004438,9.35947963728412,9.12724640417965,9.30966225411357,8.93085203430031,8.9663835387008,9.2254723088694,9.86474353404582,9.76646040662694
Maharashtra,RAPE,2.801325358234,2.8635574194095,2.64409041621486,2.85004414693743,3.12474718873878,2.98917917139953,2.8497918139681,3.0163985208418,2.8311251956779,3.0110159118727,3.16077003121748,3.37313597094591
Manipur,RAPE,1.86741363211951,1.28913443830571,1.63636363636364,2.78276481149013,2.21434898139947,3.49956255468066,1.7286084701815,3.24508966695132,2.61382799325464,2.83333333333333,4.36573311367381,5.12611879576892
Meghalaya,RAPE,2.27471566054243,3.28151986183074,3.41005967604433,4.54163162321278,5.23255813953488,6.07054963084496,6.645056726094,7.04,8.85375494071146,11.640625,10.0308641975309,12.509534706331
Mizoram,RAPE,12.1212121212121,17.4712643678161,12.2448979591837,4.47427293064877,8.1858407079646,15.7205240174673,17.8879310344828,16.3829787234043,17.4736842105263,19.1268191268191,15.8110882956879,20.8924949290061
Nagaland,RAPE,1.80275715800636,1.77824267782427,1.44628099173554,1.8348623853211,1.71198388721047,2.28628230616302,1.27576054955839,1.84287099903007,2.10727969348659,1.51515151515152,2.15154349859682,1.94085027726433
Odisha,RAPE,4.35405643738977,3.76259188674108,3.90204520990312,4.09814253020384,4.20659155522797,5.1312773494478,4.8419532821121,5.68263045032166,5.17293689320388,5.13449882282222,5.51915822910463,7.17166748647319
Punjab,RAPE,2.62001055037806,2.59548611111111,3.25704979857718,3.30116810563738,3.32775919732441,3.65168539325843,4.238464679461,4.1740674955595,4.07984031936128,4.31245557222968,3.74452782989368,5.26315789473684
Rajasthan,RAPE,3.87270646435559,3.80342344298484,3.72591462332777,3.61319966583124,3.39232030609456,3.63959612223676,4.07974954687757,4.3883797001004,4.83680942525076,4.92090837901331,5.54938956714761,6.22077843220596
Sikkim,RAPE,3.17460317460317,2.35294117647059,3.86100386100386,1.14503816793893,6.76691729323308,7.43494423791822,8.79120879120879,7.2463768115942,6.42857142857143,6.33802816901408,5.57491289198606,11.6838487972509
Tamil Nadu,RAPE,1.36429608127721,1.70585228724764,1.76304877662773,1.93900602409639,1.77649181755958,1.41027619194569,1.60144528140119,1.74148253958606,1.79843089921545,2.05580029368576,2.01536080019052,2.179957406531
Tripura,RAPE,6.55105973025048,6.84410646387833,7.12945590994371,9.87654320987654,9.87804878048781,11.3786875376279,9.33412604042806,11.9788608338227,11.0208816705336,13.6467889908257,11.614730878187,12.8219484882419
Uttar Pradesh,RAPE,2.49004870728575,1.76409719365174,1.11352857771476,1.67443755918064,1.43075476134493,1.51569330857163,1.86562517688346,2.07914300636744,1.91925804691762,1.67504367116417,2.15024324495082,2.03171251733631
Uttarakhand,RAPE,1.77756425654576,2.10203117619273,2.48490478402229,2.62737034498515,2.98943582827602,3.25221238938053,2.54846438684382,1.86615186615187,2.34573119188504,2.51978342357351,2.64832683227263,2.99655800769387
West Bengal,RAPE,1.83156807026608,1.93282232804502,2.51771445801297,3.6597771878024,4.13326469074061,4.19453329456237,5.04660803719058,5.36586522502016,5.48292453937331,5.3707964396105,5.437934367377,4.66335415052195
A&N Islands,RAPE,1.84049079754601,1.21212121212121,1.18343195266272,5.74712643678161,2.20994475138122,3.19148936170213,1.53061224489796,5.85365853658537,8.37209302325581,10.7142857142857,5.5793991416309,4.9792531120332
Chandigarh,RAPE,4.56852791878173,4.5,4.36893203883495,4.41860465116279,7.33333333333333,4.03397027600849,4.44444444444444,3.83141762452107,5.27272727272727,5.35405872193437,4.45544554455446,4.27215189873418
D&N Haveli,RAPE,6.06060606060606,4.25531914893617,1.06382978723404,7.21649484536082,4.85436893203883,5.5045871559633,5.98290598290598,4.7244094488189,2.87769784172662,2,2.5,1.77514792899408
Daman & Diu,RAPE,0,0,6.66666666666667,1.26582278481013,2.4390243902439,3.52941176470588,1.13636363636364,0,1.0989010989011,1.0752688172043,1.05263157894737,5.15463917525773
Delhi UT,RAPE,6.10283517539644,6.26944617299316,7.4107683000605,8.10413296072952,9.4134477825465,8.66963540217089,8.09639859193068,6.13965744400527,6.01436265709156,6.32721827031075,6.94596235579842,8.3402244536326
Lakshadweep,RAPE,0,3.125,6.06060606060606,0,0,0,2.7027027027027,5.40540540540541,2.7027027027027,0,0,0
Puducherry,RAPE,1.84804928131417,1.22699386503067,0.401606425702811,0.78125,1.13421550094518,1.64533820840951,1.58730158730159,1.35593220338983,0.16260162601626,0.46875,1.0590015128593,1.90895741556535
All India,RAPE,16075,16373,15847,18233,18359,19348,20737,21467,21397,22172,24206,24923
Andhra Pradesh,KIDNAPPING & ABDUCTION,2.0300931454502,2.23683176615417,2.40817382307294,2.63231874057604,2.51345138555586,3.31951243880508,3.86420912190542,3.41320293398533,3.69348436441088,3.66935097306107,3.82679707530149,3.29985652797704
Arunachal Pradesh,KIDNAPPING & ABDUCTION,10.6177606177606,7.23809523809524,9.58646616541353,7.60667903525046,7.14285714285714,9.22242314647378,7.85714285714286,8.28924162257496,4.88656195462478,7.93103448275862,10.221465076661,9.76430976430977
Assam,KIDNAPPING & ABDUCTION,8.30874359372574,9.74789915966387,10.1594224695443,11.495444781868,10.6261859582543,11.1063156380377,10.4333640683736,12.5157408702952,14.4415297528648,18.8513421447064,21.4660390047075,22.3092756125091
Bihar,KIDNAPPING & ABDUCTION,1.30298075713747,1.8348623853211,1.63085559427023,2.36850857604409,2.16817980255327,2.48703712201166,2.84347355118252,3.97334813992227,4.34345201644651,5.53556422245685,6.47833474936279,7.93707319116846
Chhattisgarh,KIDNAPPING & ABDUCTION,1.65057915057915,1.46054628224583,1.38927738927739,1.59603742432581,1.66124954857349,1.58236287670015,1.58507750240827,1.86415810822473,1.94843869650302,2.34119325333557,3.02127307342107,2.85854295981705
Goa,KIDNAPPING & ABDUCTION,0.909090909090909,0.759878419452888,1.95195195195195,1.47058823529412,1.72166427546628,1.39664804469274,0.949796472184532,3.6697247706422,2.78128950695322,2.20048899755501,2.02140309155767,1.85614849187935
Gujarat,KIDNAPPING & ABDUCTION,3.52892732139181,3.26932425862907,3.42558621789759,3.55417664847033,3.5443429809627,3.60411899313501,4.0955246333208,4.15151740001484,4.2543843590964,4.66259442657317,5.14705882352941,5.38453401036708
Haryana,KIDNAPPING & ABDUCTION,3.03649933544627,2.90726817042607,2.66496213983676,2.81798880524995,3.25911890099479,4.0107947143123,5.06583760058522,5.78876404494382,5.82515689914258,6.20869565217391,6.27299957210099,7.58277866711602
Himachal Pradesh,KIDNAPPING & ABDUCTION,3.51170568561873,3.83217707300958,3.13418217433888,3.19561007101356,3.25670498084291,3.44283006948831,4.68896530165677,4.24017332095327,3.74003678724709,4.91952626784087,5.74954846478025,4.53595941509997
Jammu & Kashmir,KIDNAPPING & ABDUCTION,10.5373196738449,12.2583299053887,12.4418369411289,12.5796178343949,12.8893241919687,13.9440694310511,13.4283000949668,12.2731524789523,15.2101769911504,15.2671755725191,18.3366194658541,18.4117438981252
Jharkhand,KIDNAPPING & ABDUCTION,2.13613046474236,1.33794347564642,1.93529324863348,1.29304082522156,2.0228734810579,2.88508901555133,3.70088017187608,3.40800437098757,3.48101265822785,4.62090027884743,4.32106848238837,5.07555211158466
Karnataka,KIDNAPPING & ABDUCTION,1.04423551171393,1.14016418364244,0.915091509150915,1.05886708626435,1.14076782449726,1.18475708867618,1.39211136890951,1.42917637095067,1.42378559463987,2.0228520142221,2.44210670127741,3.61694216272859
Kerala,KIDNAPPING & ABDUCTION,0.592438771147621,0.550947508627475,0.612244897959184,0.845187786441283,0.761556172147116,1.1830853929952,1.02871091479716,0.957544993077988,0.990722712175008,1.04634631788456,1.24830546769092,1.2009652617992
Madhya Pradesh,KIDNAPPING & ABDUCTION,2.31109880985331,2.16683621566633,2.02201602979813,1.90594301752554,1.93533916498446,1.94190035564788,2.16813064456266,2.23803442194247,2.51525302069626,3.03101642045789,3.15115706548498,3.21366449000542
Maharashtra,KIDNAPPING & ABDUCTION,1.31460045612978,1.37671029779303,1.30536324964551,1.61598324469723,1.72113906641857,1.83535601123931,1.89920653625579,1.93219879576388,1.76778282616166,2.11656152904623,2.32644566671622,2.0910141418588
Manipur,KIDNAPPING & ABDUCTION,5.7889822595705,7.55064456721915,6.45454545454545,6.37342908438061,6.11160318866253,6.91163604549431,7.17372515125324,7.42954739538856,8.1787521079258,8.91666666666667,9.55518945634267,10.8218063466233
Meghalaya,KIDNAPPING & ABDUCTION,0.962379702537183,0.863557858376511,0.852514919011083,1.51387720773759,1.578073089701,2.05086136177194,1.78282009724473,2,2.05533596837945,2.890625,2.85493827160494,1.83066361556064
Mizoram,KIDNAPPING & ABDUCTION,0.233100233100233,0.459770114942529,0.453514739229025,0,0,0.218340611353712,0,0.212765957446808,0,0,0,0.608519269776876
Nagaland,KIDNAPPING & ABDUCTION,0.63626723223754,0.418410041841004,0.309917355371901,0.407747196738023,0.906344410876133,0.298210735586481,0.588812561334642,0.678952473326867,0.957854406130268,0.568181818181818,0.280636108512629,0.924214417744917
Odisha,KIDNAPPING & ABDUCTION,2.39197530864197,2.35230057173972,2.00753498385361,2.25131726009899,2.87985679688323,3.00583454886435,3.40328984685196,3.8905340549372,4.04025080906149,4.56845163552572,5.00297796307326,6.70929660600098
Punjab,KIDNAPPING & ABDUCTION,2.84860207490768,3.07291666666667,2.52849918573755,2.6324699509057,2.75083612040134,3.45340383344349,4.45079624336464,4.14984660100113,4.09580838323353,4.54940368059395,4.04158849280801,5.3328173374613
Rajasthan,KIDNAPPING & ABDUCTION,7.9927640565585,7.30648138095755,6.20985770554629,6.54761904761905,5.29174637879202,5.20948643118312,5.58246828143022,6.03361725556239,7.35551663747811,7.75880971025842,8.36416327537304,8.18811099641751
Sikkim,KIDNAPPING & ABDUCTION,0.793650793650794,0.784313725490196,0,1.52671755725191,0.75187969924812,2.60223048327138,3.2967032967033,1.44927536231884,2.14285714285714,2.11267605633803,3.48432055749129,3.43642611683849
Tamil Nadu,KIDNAPPING & ABDUCTION,1.95774875020158,2.28085867620751,2.00044313613775,2.17118473895582,2.43606496173231,2.21570745255362,3.35905444301549,3.52551439078503,3.4188292094146,4.38730558302616,5.18873541319362,5.00769048745859
Tripura,KIDNAPPING & ABDUCTION,2.24791265253693,3.04182509505703,1.81363352095059,3.33333333333333,2.6219512195122,3.73269114990969,4.81569560047562,6.45918966529654,5.33642691415313,5.21788990825688,6.57223796033994,6.38297872340426
Uttar Pradesh,KIDNAPPING & ABDUCTION,3.66131268042679,2.86494371096234,1.83224954774361,2.78553535256679,2.65224547378321,2.94256745065922,3.80709797928341,4.9328251230706,5.54064375340971,5.85997363654875,7.92388854958617,8.18688029145708
Uttarakhand,KIDNAPPING & ABDUCTION,3.02666346384819,3.66084081247048,3.11193683232699,2.90153072880969,2.80962013935716,4.04867256637168,4.94445654541494,4.76190476190476,5.21978021978022,5.18533944189921,5.80989529870663,5.18323547276777
West Bengal,KIDNAPPING & ABDUCTION,1.79540170498579,1.76729735924011,2.01266395296246,2.52586656080192,2.54713049447182,2.90539885625666,3.81011717907551,4.52174325413762,5.13320032859993,6.42357479839178,8.54006535646891,9.49993162237316
A&N Islands,KIDNAPPING & ABDUCTION,1.22699386503067,0.606060606060606,1.18343195266272,1.72413793103448,0.552486187845304,2.65957446808511,4.59183673469388,6.34146341463415,6.51162790697674,3.57142857142857,5.15021459227468,2.9045643153527
Chandigarh,KIDNAPPING & ABDUCTION,12.6903553299492,11.75,6.79611650485437,10,10,12.1019108280255,9.29292929292929,8.04597701149425,6.54545454545455,4.83592400690846,7.59075907590759,10.4430379746835
D&N Haveli,KIDNAPPING & ABDUCTION,2.02020202020202,5.31914893617021,4.25531914893617,7.21649484536082,8.7378640776699,12.8440366972477,5.12820512820513,8.66141732283465,6.47482014388489,6.66666666666667,5,5.32544378698225
Daman & Diu,KIDNAPPING & ABDUCTION,4.54545454545455,2.8169014084507,1.33333333333333,0,2.4390243902439,1.17647058823529,1.13636363636364,1.12359550561798,0,2.1505376344086,2.10526315789474,0
Delhi UT,KIDNAPPING & ABDUCTION,15.4412942495595,13.8923459863099,12.0538415003025,12.9577879099868,15.8226037195994,14.8344002226552,15.800162469537,14.9670619235837,21.2233906129777,21.7147135904156,25.3187613843352,25.5168340224454
Lakshadweep,KIDNAPPING & ABDUCTION,0,0,0,0,0,0,0,2.7027027027027,0,0,0,0
Puducherry,KIDNAPPING & ABDUCTION,0.616016427104723,1.22699386503067,2.61044176706827,1.5625,0.56710775047259,2.37659963436929,2.46913580246914,1.52542372881356,2.11382113821138,2.1875,1.36157337367625,2.34948604992658
ALL INDIA K&A,KIDNAPPING & ABDUCTION,14645,14506,13296,15578,15750,17414,20416,22939,25741,29795,35565,38262
Andhra Pradesh,DOWRY DEATH,1.11456094260011,1.17603918384452,1.20538023797206,1.30849242249994,1.11905423497613,1.29633330002997,1.51455255225577,1.35941320293399,1.32152192855068,1.40926085706068,1.42199221346501,1.18540818966531
Arunachal Pradesh,DOWRY DEATH,0,0,0,0,0,0.180831826401447,0,0,0,0,0,0.168350168350168
Assam,DOWRY DEATH,0.458145674794223,0.53475935828877,0.451195668521582,0.548107547589067,0.722522259524157,0.755287009063444,0.709270161004327,0.720582062403806,1.17354687284274,1.19226052595722,0.813718897108272,0.929553150521214
Bihar,DOWRY DEATH,2.16073449880518,2.28617934300089,2.19947735191638,2.44452891148382,2.36656008588699,2.72564584958473,2.64488174760787,2.68739589117157,2.83221065523576,2.70852636342089,3.00127442650807,2.67082827097909
Chhattisgarh,DOWRY DEATH,0.675675675675676,0.806145675265554,0.736596736596737,0.651256650155935,0.902853015529072,0.915636945506267,0.875733426744899,0.914818330888064,1.08908363822003,0.965007971804984,0.860855889413128,0.661548513557661
Goa,DOWRY DEATH,0.303030303030303,0.303951367781155,0.3003003003003,0.294117647058824,0.286944045911047,0,0.271370420624152,0.262123197903014,0.379266750948167,0.122249388753056,0.118906064209275,0
Gujarat,DOWRY DEATH,0.275890467366687,0.251174850105331,0.215345350135588,0.227781486863292,0.185729763194552,0.1906941266209,0.157954118089507,0.100170661126363,0.087870244938308,0.06867387139914,0.107081667618504,0.074050565957897
Haryana,DOWRY DEATH,2.91381249361006,2.56641604010025,2.18310551676664,2.42231229492376,2.00852676456656,2.37297599106644,2.45976591075348,2.71460674157303,2.48386811632635,2.4695652173913,2.18228498074454,2.17372988457326
Himachal Pradesh,DOWRY DEATH,0.334448160535117,0.198216055500496,0.19588638589618,0.25823111684958,0.063856960408685,0.094756790903348,0.250078149421694,0.092850510677809,0.03065603923973,0.060734892195566,0.120409391932571,0.059683676514473
Jammu & Kashmir,DOWRY DEATH,0.271795943968221,0.370218017276841,0.202306291725673,0.179140127388535,0.09794319294809,0.192864030858245,0.170940170940171,0.39289055191768,0.221238938053097,0.163576881134133,0.197167951245743,0.14149274849664
Jharkhand,DOWRY DEATH,1.66143480591073,2.06704750450992,1.93529324863348,1.99767543222432,1.83702644746247,1.97734149602421,2.09993762561508,1.81669170878295,1.98626447616483,1.8324259726464,1.8462747152023,1.950148521245
Karnataka,DOWRY DEATH,0.847718865598027,0.885527515962299,0.727572757275728,0.958904109589041,0.954296160877514,0.881343687917645,0.89594859896484,0.913967111299315,0.921273031825796,0.856087541855086,0.911947537400096,0.736909711658723
Kerala,DOWRY DEATH,0.16490563732975,0.102924259853484,0.198079231692677,0.184512826617463,0.123974260582089,0.146421459529109,0.15692200395211,0.178818643285648,0.114534417592487,0.125106624964458,0.084726615454135,0.179583590549414
Madhya Pradesh,DOWRY DEATH,2.10697481317465,2.28552051542896,2.15504340017959,2.45096439411246,2.36790669358198,2.4045573285494,2.29493999752567,2.44785014899957,2.56609642301711,2.62491907480431,2.34888637877603,2.11868031594856
Maharashtra,DOWRY DEATH,0.662679117001592,0.641758800355827,0.767370089248478,0.644750621137143,0.689669120621309,0.77120822622108,0.85631235760861,0.75506766567927,0.650986980260395,0.740043310422747,0.629924186115653,0.603459344448724
Manipur,DOWRY DEATH,0,0,0,0,0,0,0,0.085397096498719,0,0,0.082372322899506,0
Meghalaya,DOWRY DEATH,0,0,0,0.168208578637511,0.083056478405316,0.492206726825267,0.162074554294976,0.16,0,0,0.077160493827161,0.07627765064836
Mizoram,DOWRY DEATH,0,0,0,0,0.884955752212389,0,0,0,0,0,0,0
Nagaland,DOWRY DEATH,0,0,0,0,0,0,0,0,0,0,0,0
Odisha,DOWRY DEATH,1.62037037037037,1.3503947726654,1.5016146393972,1.69780190537016,1.75845003685374,2.38070431339862,2.37714639302841,2.04738078219136,1.94174757281553,1.94359565195612,2.30792138177487,2.58239055582882
Punjab,DOWRY DEATH,1.39792509231581,1.44097222222222,0.94283020485129,0.95649229727442,0.827759197324415,1.07402511566424,1.08615761535321,1.03342483449055,1.0059880239521,0.955690703735882,1.11788617886179,0.913312693498452
Rajasthan,DOWRY DEATH,1.38811976224757,1.44392574096189,1.38036265569,1.31927039821777,1.23326045367587,1.3216597900104,1.44669632558906,1.42177024970042,1.38831396274479,1.44714173844949,1.58465902084104,1.45121136681037
Sikkim,DOWRY DEATH,0,0,0,0,0,0,0,0,0,0.352112676056338,0,0.343642611683849
Tamil Nadu,DOWRY DEATH,0.616029672633446,0.776258625095834,0.696356787896053,0.705948795180723,0.668906726401593,0.577071439592655,0.636903668320167,0.629121964562502,0.585395292697646,0.494470916119752,0.452488687782805,0.325366777094179
Tripura,DOWRY DEATH,1.02761721258831,1.01394169835234,1.25078173858662,1.23456790123457,2.07317073170732,2.10716435881999,2.14030915576694,0.939518496770405,1.68213457076566,1.43348623853211,1.69971671388102,2.07166853303471
Uttar Pradesh,DOWRY DEATH,2.8117965739575,2.36002543292067,1.61589986799003,2.0472006808021,1.83870209264049,2.07398521218553,2.3501443368993,2.48585938281345,2.43535188216039,2.37592566792768,2.44508560958659,2.3225485934298
Uttarakhand,DOWRY DEATH,1.34518376171031,1.55880963627775,2.15977705527171,1.87342928946767,1.41604855023601,1.76991150442478,1.52472228272707,1.56585156585157,1.98647506339814,1.56184922948771,1.70396222541573,1.43753796315044
West Bengal,DOWRY DEATH,0.684577628519762,0.695204868980621,0.826674707271722,0.982557129742203,1.09337844132284,1.07831734031211,1.08073135079437,1.06937923839332,1.18765403121699,1.17827511678171,1.17365489943388,1.35159775721384
A&N Islands,DOWRY DEATH,0,0,0,0,0,0,0.510204081632653,0.975609756097561,0.465116279069767,0,0,0.829875518672199
Chandigarh,DOWRY DEATH,0.761421319796954,0.25,0.242718446601942,1.3953488372093,0.666666666666667,2.12314225053079,0.202020202020202,0.574712643678161,0.363636363636364,0.863557858376511,0.33003300330033,0.791139240506329
D&N Haveli,DOWRY DEATH,0,0,0,0,0,0.91743119266055,0,0,0,0,0,0
Daman & Diu,DOWRY DEATH,0,0,1.33333333333333,0,1.21951219512195,0,1.13636363636364,0,0,0,0,0
Delhi UT,DOWRY DEATH,1.81002723049816,2.10018668326073,1.96612220205687,1.85321370789822,1.63090128755365,1.90648483161703,1.86839967506093,1.699604743083,1.80815593741985,1.78460002495944,1.72434729811779,1.58298877731837
Lakshadweep,DOWRY DEATH,0,0,0,0,0,0,0,0,0,0,0,0
Puducherry,DOWRY DEATH,0.205338809034908,1.02249488752556,0.200803212851406,1.171875,0.756143667296786,0.548446069469835,0.352733686067019,0.338983050847458,0,0.15625,0.151285930408472,0
ALL INDIA ,DOWRY DEATH,6851,6822,6208,7026,6787,7618,8093,8172,8383,8391,8618,8233
Andhra Pradesh,ASSAULT ON WOMEN WITH INTENT TO OUTRAGE HER MODESTY,9.40477138232094,9.95049634615888,10.6777030522504,9.75491323570753,9.08126405132998,11.3248076730942,10.8860008894599,11.5647921760391,12.4576435279311,11.1063177068354,11.5112524926408,11.3272338123574
Arunachal Pradesh,ASSAULT ON WOMEN WITH INTENT TO OUTRAGE HER MODESTY,15.0579150579151,12.952380952381,8.08270676691729,11.317254174397,12.2710622710623,11.3924050632911,12.8571428571429,12.6984126984127,10.1221640488656,14.4827586206897,8.68824531516184,11.2794612794613
Assam,ASSAULT ON WOMEN WITH INTENT TO OUTRAGE HER MODESTY,6.60040378940829,7.51718869365928,6.60249661603249,6.54025627731279,6.56108597285068,9.27924039706517,5.59614157032414,8.89883867356933,9.26411707855861,9.53808420765772,8.02286482851379,12.2169842639931
Bihar,ASSAULT ON WOMEN WITH INTENT TO OUTRAGE HER MODESTY,1.41365865928814,1.53151820065108,1.66473093302362,1.67244737967406,1.05258244451187,1.2159867847474,1.92498645964976,2.2187673514714,1.58778759513603,1.15063888469909,1.67799490229397,0.247182538020026
Chhattisgarh,ASSAULT ON WOMEN WITH INTENT TO OUTRAGE HER MODESTY,17.0173745173745,14.064871016692,13.8088578088578,15.2357365620987,13.0913687251715,14.205707173971,13.5651107802785,13.9898161732977,13.5965285459032,14.3156834773853,13.6909196258588,13.0757922247632
Goa,ASSAULT ON WOMEN WITH INTENT TO OUTRAGE HER MODESTY,2.57575757575758,2.73556231003039,2.85285285285285,3.38235294117647,4.30416068866571,2.51396648044693,2.71370420624152,4.19397116644823,4.67762326169406,4.40097799511003,3.44827586206897,5.68445475638051
Gujarat,ASSAULT ON WOMEN WITH INTENT TO OUTRAGE HER MODESTY,3.11303273625695,3.03840544482256,2.8792470888499,2.97294113026745,3.10323479337564,2.80701754385965,3.09138773975179,3.07190027454181,2.66173616958957,2.41442874182239,2.4450314106225,2.62703198279206
Haryana,ASSAULT ON WOMEN WITH INTENT TO OUTRAGE HER MODESTY,4.88702586647582,4.55137844611529,3.38283017012489,3.88921057710867,3.60018948365703,4.52261306532663,3.81309436722751,3.91011235955056,3.98656412976222,4.13913043478261,4.05648267008986,4.42328755581768
Himachal Pradesh,ASSAULT ON WOMEN WITH INTENT TO OUTRAGE HER MODESTY,10.3678929765886,10.7697390155269,8.16193274567418,9.1672046481601,9.13154533844189,8.68603916614024,10.0656455142232,9.13030021665119,9.74862047823421,10.6286061342241,9.96387718242023,7.46045956430916
Jammu & Kashmir,ASSAULT ON WOMEN WITH INTENT TO OUTRAGE HER MODESTY,13.0043905498641,16.1456190867956,17.7018005259964,19.7054140127389,16.258570029383,18.5149469623915,18.7274453941121,17.4929840972872,17.9203539823009,18.86586695747,21.4016848897652,23.3816766890697
Jharkhand,ASSAULT ON WOMEN WITH INTENT TO OUTRAGE HER MODESTY,2.27394533343542,3.08929645219483,3.131924951987,2.98561673688799,2.09435310936383,2.91323622545915,2.37022662693187,1.85084004917361,1.85833557769997,1.6266100119506,2.07542228623805,1.83391450342245
Karnataka,ASSAULT ON WOMEN WITH INTENT TO OUTRAGE HER MODESTY,6.41569050554871,6.26330191547583,5.94434443444345,5.31284709366901,5.79524680073126,6.0791042080549,6.52507585222203,6.89533488601877,7.6284198771636,8.78180123580379,8.90771227542865,10.0665922996315
Kerala,ASSAULT ON WOMEN WITH INTENT TO OUTRAGE HER MODESTY,11.8609906553472,12.8534237452322,11.6866746698679,13.4515802630796,13.8083712143574,14.8939908633009,15.2504940137161,15.8341024457776,14.5458710342458,16.6960477679841,21.2155445097153,20.9607722094394
Madhya Pradesh,ASSAULT ON WOMEN WITH INTENT TO OUTRAGE HER MODESTY,24.4360642125657,24.136995591726,22.7742858093053,21.8334910740511,20.5902143612419,19.6487583797564,20.9451936162316,19.5980052301891,18.862902261036,19.5574127479254,19.3037333101631,18.9768741623656
Maharashtra,ASSAULT ON WOMEN WITH INTENT TO OUTRAGE HER MODESTY,6.07384138732304,5.68899055364934,5.54883643339728,5.81302231987023,6.52859800986975,6.93290289153265,6.49304737214235,7.0066407233161,6.10133251880417,6.8938894642689,7.04994797086368,7.21766723527578
Manipur,ASSAULT ON WOMEN WITH INTENT TO OUTRAGE HER MODESTY,1.96078431372549,5.34069981583794,4,2.69299820466786,2.21434898139947,3.6745406824147,6.05012964563526,4.86763450042699,3.28836424957841,2.58333333333333,3.13014827018122,3.98698128559805
Meghalaya,ASSAULT ON WOMEN WITH INTENT TO OUTRAGE HER MODESTY,2.18722659667542,1.98618307426598,1.10826939471441,2.85954583683768,3.65448504983389,4.67596390484003,3.64667747163695,4.32,5.69169960474308,3.75,5.70987654320988,3.27993897787948
Mizoram,ASSAULT ON WOMEN WITH INTENT TO OUTRAGE HER MODESTY,12.1212121212121,16.7816091954023,19.9546485260771,14.7651006711409,10.8407079646018,11.1353711790393,14.2241379310345,16.5957446808511,12.8421052631579,15.5925155925156,14.7843942505133,17.2413793103448
Nagaland,ASSAULT ON WOMEN WITH INTENT TO OUTRAGE HER MODESTY,0.63626723223754,0.104602510460251,0.413223140495868,0.305810397553517,0.704934541792548,0.298210735586481,0.785083415112856,1.454898157129,1.0536398467433,1.23106060606061,0.841908325537886,1.47874306839187
Odisha,ASSAULT ON WOMEN WITH INTENT TO OUTRAGE HER MODESTY,9.12147266313933,8.73945004083855,8.98277717976319,9.63861834051839,11.782668211014,12.5807459887477,14.3092868560821,14.2040232819361,13.6377427184466,14.5519210539498,15.9172126265634,20.5951795376291
Punjab,ASSAULT ON WOMEN WITH INTENT TO OUTRAGE HER MODESTY,3.27061719711623,2.96006944444444,2.96562955344133,2.20924327069578,2.5752508361204,2.59418374091209,3.48713760718661,3.13256902954949,2.54690618762475,2.75649632730432,2.20450281425891,2.63157894736842
Rajasthan,ASSAULT ON WOMEN WITH INTENT TO OUTRAGE HER MODESTY,10.6250230737992,9.87949191184453,9.63415066889039,9.83361180729602,8.55083356108226,8.66123243098185,8.16279452957654,8.16141464520517,7.91275274637797,7.3265465935787,7.54408681711678,7.14068856639747
Sikkim,ASSAULT ON WOMEN WITH INTENT TO OUTRAGE HER MODESTY,0,6.66666666666667,9.65250965250965,15.2671755725191,14.2857142857143,5.20446096654275,4.76190476190476,6.88405797101449,3.57142857142857,3.87323943661972,8.36236933797909,6.52920962199313
Tamil Nadu,ASSAULT ON WOMEN WITH INTENT TO OUTRAGE HER MODESTY,5.71843251088534,5.99603884487605,6.40015193239009,5.83898092369478,5.48814635056935,3.63832741860824,4.71553677506277,5.18189830714525,3.74773687386844,4.21049477059546,4.36711121695642,4.4190724088973
Tripura,ASSAULT ON WOMEN WITH INTENT TO OUTRAGE HER MODESTY,3.72511239563263,8.11153358681876,7.94246404002502,8.27160493827161,9.81707317073171,12.4623720650211,14.5065398335315,20.31708749266,22.2737819025522,21.5596330275229,16.657223796034,17.5811870100784
Uttar Pradesh,ASSAULT ON WOMEN WITH INTENT TO OUTRAGE HER MODESTY,3.64986710414203,2.67419680592437,1.34210140321713,2.27733096810538,2.15730072889725,2.41772692143541,2.85504047093451,3.28373467868295,3.0354609929078,2.99321623388454,3.63814417791631,3.36065743443251
Uttarakhand,ASSAULT ON WOMEN WITH INTENT TO OUTRAGE HER MODESTY,2.47417727600288,3.42465753424658,3.15838365071993,3.2670779072424,2.24769611148573,3.38495575221239,3.18013504683076,2.57400257400257,2.51479289940828,2.60308204914619,2.38144118250873,2.81433488560437
West Bengal,ASSAULT ON WOMEN WITH INTENT TO OUTRAGE HER MODESTY,2.46447946267114,2.45486261427589,2.98004924870597,3.88556683125326,3.85379127748768,4.45139090820975,5.46596055690015,5.68122539953526,4.5581504518249,5.72869460131539,5.437934367377,7.6241053927155
A&N Islands,ASSAULT ON WOMEN WITH INTENT TO OUTRAGE HER MODESTY,11.6564417177914,10.3030303030303,5.32544378698225,3.44827586206897,6.07734806629834,7.4468085106383,10.7142857142857,11.7073170731707,13.953488372093,13.8392857142857,6.43776824034335,7.05394190871369
Chandigarh,ASSAULT ON WOMEN WITH INTENT TO OUTRAGE HER MODESTY,6.09137055837564,9,2.66990291262136,4.65116279069768,6.88888888888889,4.24628450106157,6.46464646464646,3.63984674329502,4.72727272727273,5.00863557858377,3.46534653465347,7.12025316455696
D&N Haveli,ASSAULT ON WOMEN WITH INTENT TO OUTRAGE HER MODESTY,7.07070707070707,3.19148936170213,4.25531914893617,5.15463917525773,4.85436893203883,4.58715596330275,0,3.1496062992126,1.43884892086331,7.33333333333333,1.25,1.18343195266272
Daman & Diu,ASSAULT ON WOMEN WITH INTENT TO OUTRAGE HER MODESTY,0,0,4,1.26582278481013,1.21951219512195,2.35294117647059,0,2.24719101123596,4.3956043956044,2.1505376344086,0,0
Delhi UT,ASSAULT ON WOMEN WITH INTENT TO OUTRAGE HER MODESTY,8.04100592663783,6.93839452395769,7.3956442831216,8.8395352257685,10.9012875536481,9.99165043139438,11.7519631735716,8.05006587615283,7.0787381379841,7.50031199301136,7.97814207650273,8.58830478440638
Lakshadweep,ASSAULT ON WOMEN WITH INTENT TO OUTRAGE HER MODESTY,0,3.125,3.03030303030303,0,0,0,5.40540540540541,0,0,0,0,2.56410256410256
Puducherry,ASSAULT ON WOMEN WITH INTENT TO OUTRAGE HER MODESTY,7.18685831622177,12.0654396728016,11.2449799196787,9.765625,11.3421550094518,10.2376599634369,15.6966490299824,11.0169491525424,8.61788617886179,7.1875,5.29500756429652,1.3215859030837
All India,ASSAULT ON WOMEN WITH INTENT TO OUTRAGE HER MODESTY,34124,33943,32939,34567,34175,36617,38734,40413,38711,40613,42968,45351
Andhra Pradesh,INSULT TO THE MODESTY OF WOMEN,6.0265902396306,5.30134367060426,5.9130884635282,5.90354979682588,6.3354131406775,6.0220801278849,8.19291396946188,8.68215158924205,8.51970181043663,10.9337551529096,8.68388567087646,8.7353293976527
Arunachal Pradesh,INSULT TO THE MODESTY OF WOMEN,0.579150579150579,0.380952380952381,0,0,0,0.361663652802893,0.178571428571429,0.17636684303351,1.04712041884817,0.172413793103448,0,0.336700336700337
Assam,INSULT TO THE MODESTY OF WOMEN,0.031060723714863,0.053475935828877,0.045119566852158,0.08147544626324,0.138665888191505,0.07193209610128,0.070927016100433,0.01399188470687,0.06903216899075,0.136258345823682,0.053799596503026,0.033198326804329
Bihar,INSULT TO THE MODESTY OF WOMEN,0.052823544208276,0.014797277300977,0.026616337591947,0.03088326127239,0.030340513921628,0.12159867847474,0.027080700487453,0.046640755136036,0.0262444230601,0.034476071451658,0.023364485981309,0.077506389040178
Chhattisgarh,INSULT TO THE MODESTY OF WOMEN,1.55405405405405,1.39415781487102,0.979020979020979,1.20161438268208,1.19176598049838,1.27122410880967,0.972064103686838,1.07879520151894,1.29328682038628,1.52723000755224,1.44027812267196,1.32309702711532
Goa,INSULT TO THE MODESTY OF WOMEN,1.06060606060606,0.911854103343465,1.05105105105105,2.20588235294118,1.14777618364419,0.977653631284916,0.949796472184532,1.57273918741809,1.26422250316056,1.9559902200489,1.4268727705113,1.85614849187935
Gujarat,INSULT TO THE MODESTY OF WOMEN,0.457072266831377,0.421325555015395,0.366884670601372,0.644071790441032,0.402414486921529,0.526315789473684,0.451297480255735,0.452622987311716,0.417383663456962,0.397585571258178,0.331953169617361,0.327938220670687
Haryana,INSULT TO THE MODESTY OF WOMEN,4.09978529802679,14.2756892230576,12.8036188415773,8.20304960432349,5.65608716248224,4.56914200632794,3.73994147768837,5.43820224719101,5.34782993016883,5.04347826086957,4.19341035515618,3.65658437947595
Himachal Pradesh,INSULT TO THE MODESTY OF WOMEN,0.468227424749164,0.396432111000991,0.587659157688541,0.516462233699161,0.925925925925926,0.979153506001263,1.03157236636449,1.26895697926339,1.13427345187002,2.36866079562709,1.86634557495485,2.02924500149209
Jammu & Kashmir,INSULT TO THE MODESTY OF WOMEN,6.02132552791135,7.56890168654875,7.60671656888529,5.25477707006369,7.26738491674829,6.6923818707811,6.70465337132004,5.53788587464921,6.83997050147493,4.76190476190476,6.27352572145546,6.13724796604174
Jharkhand,INSULT TO THE MODESTY OF WOMEN,0.038281907970293,0.022549609140108,0.014773230905599,0.021792822896993,0.257326661901358,0.309619308985997,0.103957308198766,0.157082365797022,0.558847293293832,0.106227592617182,0.045829514207149,0.064574454345861
Karnataka,INSULT TO THE MODESTY OF WOMEN,0.31211467324291,0.380054727880815,0.315031503150315,0.211032950758978,0.259597806215722,0.137258443200289,0.099946457255042,0.155268544004517,0.223338916806253,0.286513169249888,0.276658241683175,0.338031977825102
Kerala,INSULT TO THE MODESTY OF WOMEN,0.494716911989251,0.617545559120906,0.408163265306122,0.791619546455568,1.03311883818407,1.30022256061848,1.52272463094269,1.48823257960314,2.26205474745161,3.05373898208701,3.23655671034794,2.79476962792525
Madhya Pradesh,INSULT TO THE MODESTY OF WOMEN,2.59825629670634,2.65513733468973,2.34460740297316,2.62393525015502,2.53772950110545,2.39826267585686,2.41247061734505,2.30493218998966,2.17729393468118,2.70143016891295,2.2069684594665,2.20707747583336
Maharashtra,INSULT TO THE MODESTY OF WOMEN,2.40974224364215,1.62875418308129,1.42213695887897,1.76998418923636,1.85866839252488,1.96090153643809,2.04061591641134,2.11225339296432,2.09804894811195,2.22201299312682,1.9901144640999,2.37348447330289
Manipur,INSULT TO THE MODESTY OF WOMEN,0,0,0,0,0,0,0,0,0.168634064080944,0,0,0.081366965012205
Meghalaya,INSULT TO THE MODESTY OF WOMEN,0,0,0.085251491901108,0,0,0,0.081037277147488,0.32,0.07905138339921,0,0.077160493827161,0
Mizoram,INSULT TO THE MODESTY OF WOMEN,0,0,0,0,0.884955752212389,0,0,0,0.210526315789474,0,0.205338809034908,0
Nagaland,INSULT TO THE MODESTY OF WOMEN,0,0,0.206611570247934,0.101936799184506,0,0.198807157057654,0.098135426889107,0.096993210475267,0,0.284090909090909,0,0
Odisha,INSULT TO THE MODESTY OF WOMEN,2.52425044091711,1.02368635992377,1.01184068891281,0.904784714460589,0.968726966410445,1.28672640133361,1.24271644407776,1.43980394159093,1.0618932038835,1.1621499774583,1.16636887035934,1.49532710280374
Punjab,INSULT TO THE MODESTY OF WOMEN,0.413223140495868,1.25868055555556,1.70566555241279,0.321652276959539,0.359531772575251,0.495703899537343,0.391996733360555,0.395607944453415,0.263473053892216,0.30013427059474,0.242338961851157,0.239938080495356
Rajasthan,INSULT TO THE MODESTY OF WOMEN,0.206741241185809,0.159229906271487,0.117100173876016,0.142717905875801,0.095654550423613,0.103988460635336,0.092272202998847,0.061534475499563,0.076420952077695,0.072043852779953,0.027746947835738,0.054648126783654
Sikkim,INSULT TO THE MODESTY OF WOMEN,5.55555555555556,0,0,0,0,0,0,0,0,0,0,0
Tamil Nadu,INSULT TO THE MODESTY OF WOMEN,3.26398967908402,5.48811653462816,2.78859240971101,3.39169176706827,2.06894406073051,2.6292238852029,2.67928225855839,2.96021639364192,1.51176825588413,1.91195420899637,1.38128125744225,1.12991008045433
Tripura,INSULT TO THE MODESTY OF WOMEN,0,0,0,0,0.060975609756098,0,0.237812128418549,0.234879624192601,0.290023201856148,0.51605504587156,0.509915014164306,0.391937290033595
Uttar Pradesh,INSULT TO THE MODESTY OF WOMEN,3.27470654814137,2.35254516213487,6.07490343714858,3.2146324507677,3.38702092640489,3.1305872446449,3.26257995132167,3.74934714242852,2.75395526459356,0.011788535113759,0.003159025335383,0.008280030636113
Uttarakhand,INSULT TO THE MODESTY OF WOMEN,2.01777564256546,2.29097779877185,2.27589410125406,2.51313685172493,2.0004495392223,2.5,1.37225005445437,6.56370656370656,5.26204564666103,3.43606830487297,1.47813590638473,1.47803199028143
West Bengal,INSULT TO THE MODESTY OF WOMEN,0.123998966675278,0.086582291374876,0.178400924669581,0.158797111877528,0.132382143119806,0.152660657167781,0.237233711149984,0.222886138379096,0.253491374251848,0.3788142880383,0.460256823307405,1.26726535077723
A&N Islands,INSULT TO THE MODESTY OF WOMEN,0.613496932515337,1.81818181818182,1.18343195266272,1.72413793103448,0.552486187845304,2.12765957446808,1.02040816326531,1.46341463414634,3.25581395348837,4.46428571428571,1.28755364806867,1.6597510373444
Chandigarh,INSULT TO THE MODESTY OF WOMEN,3.80710659898477,7,0.970873786407767,4.18604651162791,2,2.76008492569002,2.22222222222222,0.383141762452107,0.363636363636364,0.690846286701209,1.98019801980198,3.95569620253165
D&N Haveli,INSULT TO THE MODESTY OF WOMEN,0,0,0,0,0,0.91743119266055,0,0,0.719424460431655,1.33333333333333,0,0
Daman & Diu,INSULT TO THE MODESTY OF WOMEN,0,0,0,0,0,0,0,1.12359550561798,1.0989010989011,0,0,0
Delhi UT,INSULT TO THE MODESTY OF WOMEN,1.44161460836136,1.99128811449907,1.58802177858439,1.91204588910134,3.21888412017167,2.00389646534929,2.26103438938532,1.71277997364954,1.51320851500385,0.998377636340946,1.9672131147541,2.45717660956881
Lakshadweep,INSULT TO THE MODESTY OF WOMEN,0,0,0,0,0,0,0,0,0,0,0,0
Puducherry,INSULT TO THE MODESTY OF WOMEN,5.54414784394251,5.31697341513292,5.42168674698795,5.859375,4.91493383742911,7.12979890310786,5.64373897707231,3.55932203389831,2.60162601626016,3.4375,2.42057488653555,0.293685756240822
All India,INSULT TO THE MODESTY OF WOMEN,9746,10155,12325,10001,9984,9966,10950,12214,11009,9961,8570,9173
Andhra Pradesh,CRUELTY BY HUSBAND OR RELATIVES,15.3676724252315,18.3818329448126,21.1251939989653,21.4367860154872,21.9668072852199,22.8893995404136,28.0056332460345,25.19804400978,27.3429179978701,28.9521618253283,31.75386952806,31.4909330385493
Arunachal Pradesh,CRUELTY BY HUSBAND OR RELATIVES,2.12355212355212,2.47619047619048,2.63157894736842,0.742115027829314,1.64835164835165,2.53164556962025,3.57142857142857,2.29276895943563,2.26876090750436,2.06896551724138,3.0664395229983,4.37710437710438
Assam,CRUELTY BY HUSBAND OR RELATIVES,9.69094579903712,12.9411764705882,13.596029478117,14.406340271091,16.0998394394979,18.3282980866062,21.2781048301298,24.331887505247,30.3603479221317,36.8578825453059,35.2790854068594,42.5403359670673
Bihar,CRUELTY BY HUSBAND OR RELATIVES,3.91900389888064,3.88921771727335,4.54897406116918,6.36432745759491,3.67353607020328,3.87509750837425,3.68974544141542,4.42420877290394,5.53757326568104,4.89344739166972,5.53738317757009,7.72131216221878
Chhattisgarh,CRUELTY BY HUSBAND OR RELATIVES,8.10810810810811,6.19309559939302,5.6037296037296,6.79691799669785,6.60888407367281,6.37389990221353,7.21604343637797,7.74143436609994,7.59806006976942,7.22497272803558,6.90340203625528,8.00392028748775
Goa,CRUELTY BY HUSBAND OR RELATIVES,1.66666666666667,1.21580547112462,3.6036036036036,2.5,1.57819225251076,1.95530726256983,1.89959294436906,1.57273918741809,2.65486725663717,2.07823960880196,2.14030915576694,2.78422273781903
Gujarat,CRUELTY BY HUSBAND OR RELATIVES,15.0998558781141,13.4540593096743,14.6913383314723,15.5323410438676,15.8257235722024,18.9816933638444,21.9142534787514,22.6088892186688,20.1588986929301,20.2407199913254,21.6019417475728,23.4775556260799
Haryana,CRUELTY BY HUSBAND OR RELATIVES,15.4687659748492,15.6892230576441,15.9111023699479,19.5522099980699,19.6589294173378,20.9752466033873,22.0555961960497,21.8876404494382,23.1326792185981,23.6521739130435,23.448866067608,26.4301963097144
Himachal Pradesh,CRUELTY BY HUSBAND OR RELATIVES,10.6020066889632,7.73042616451933,7.21514854717597,8.13428018076178,7.27969348659004,8.18066961465572,10.6908408877774,10.6159083874961,8.70631514408339,8.35104767689037,7.1944611679711,7.4903014025664
Jammu & Kashmir,CRUELTY BY HUSBAND OR RELATIVES,1.04536901526239,1.11065405183052,1.43637467125228,1.63216560509554,1.48873653281097,2.60366441658631,3.34283000949668,3.03086997193639,3.61356932153392,3.83496910214467,5.12636673238932,5.32366466218606
Jharkhand,CRUELTY BY HUSBAND OR RELATIVES,3.70568869152439,4.41972339146122,4.12911803811494,4.27139328781055,4.21729807005004,4.70058405460559,5.55132025781412,5.81204753448982,4.78050094263399,4.31549595007303,4.31452140893021,8.14283869301304
Karnataka,CRUELTY BY HUSBAND OR RELATIVES,6.76248458692972,6.93979933110368,6.39063906390639,5.87930396149574,6.88482632541134,7.69008488351093,8.94877744065679,9.3090549791799,11.1146007816862,11.8782146432393,12.6784616435549,12.4530980630768
Kerala,CRUELTY BY HUSBAND OR RELATIVES,15.6416050815367,17.1701882908518,17.5870348139256,19.177429914886,19.3813094043332,21.7172308773574,23.2418923631291,23.8694047069682,22.9469705646547,27.278930907023,30.3716674197921,29.2721252595544
Madhya Pradesh,CRUELTY BY HUSBAND OR RELATIVES,8.86382507611403,10.5696846388606,9.77086035451794,11.2137332332496,9.57736550354065,9.40735844899758,10.188048991711,9.68497232865049,11.9123100849384,11.0529103643105,10.8089321400643,11.3718668909863
Maharashtra,CRUELTY BY HUSBAND OR RELATIVES,13.1029734498042,11.3377388062863,11.3687546918008,11.5931911049054,12.6061807297144,13.4273928379267,14.4473250058921,15.1574993707769,14.6634340040472,13.998681856699,13.2599970269065,13.6007630367395
Manipur,CRUELTY BY HUSBAND OR RELATIVES,0.466853408029879,0.920810313075506,0.363636363636364,0.179533213644524,1.77147918511958,0.874890638670166,1.29645635263613,2.39111870196413,2.1079258010118,1.5,3.21252059308072,3.49877949552482
Meghalaya,CRUELTY BY HUSBAND OR RELATIVES,0.349956255468066,0,0.341005967604433,0.420521446593776,0.249169435215947,1.06644790812141,1.53970826580227,2.56,1.89723320158103,1.875,1.62037037037037,1.22044241037376
Mizoram,CRUELTY BY HUSBAND OR RELATIVES,3.72960372960373,0.689655172413793,0.680272108843537,0,0,0.218340611353712,0.431034482758621,1.06382978723404,0.842105263157895,0.623700623700624,1.84804928131417,1.62271805273834
Nagaland,CRUELTY BY HUSBAND OR RELATIVES,0,0,0,0,0,0.298210735586481,0,0.387972841901067,0,0.09469696969697,0.09354536950421,0
Odisha,CRUELTY BY HUSBAND OR RELATIVES,6.97751322751323,6.35447862782467,6.93756727664155,6.3441375272766,8.79751500473834,3.61533652844343,3.75393183107307,8.26100275707138,10.350930420712,10.3541551870961,11.5147905499305,12.9758976881456
Punjab,CRUELTY BY HUSBAND OR RELATIVES,9.91735537190083,8.19444444444444,8.45975829262021,6.78009141696293,6.09531772575251,6.61764705882353,7.92976725193957,7.94445341514613,8.47105788423154,9.1856883342548,8.88055034396498,10.0077399380805
Rajasthan,CRUELTY BY HUSBAND OR RELATIVES,20.4230811828552,20.5949408316144,20.3434938433696,23.604149262044,20.4871549603717,23.6087350306934,26.9237106607349,26.2752210383133,33.0234039165738,34.9099451840251,37.6680231841164,40.4153257635558
Sikkim,CRUELTY BY HUSBAND OR RELATIVES,0,1.17647058823529,0.386100386100386,0.381679389312977,1.50375939849624,2.23048327137546,2.56410256410256,1.81159420289855,2.14285714285714,1.05633802816901,1.39372822299652,1.3745704467354
Tamil Nadu,CRUELTY BY HUSBAND OR RELATIVES,2.62860828898565,3.36059289547662,4.92197638717437,4.50865963855422,5.13347022587269,3.85125752198735,6.05058484904158,5.00866182414977,4.4055522027761,4.70496568671521,5.39414146225292,5.81223379081874
Tripura,CRUELTY BY HUSBAND OR RELATIVES,14.5793192035967,14.9556400506971,15.4471544715447,18.641975308642,26.7682926829268,28.3564118001204,32.4019024970273,43.1591309453905,47.2737819025522,53.7270642201835,39.7733711048159,48.040313549832
Uttar Pradesh,CRUELTY BY HUSBAND OR RELATIVES,9.36629659303346,7.08007629876202,3.20979807363223,5.9330464695377,5.29626146249706,6.00279145951807,8.6602139582272,9.23668448365911,9.34642662302237,8.54990301250656,7.49847313775457,7.92916433790805
Uttarakhand,CRUELTY BY HUSBAND OR RELATIVES,7.23036271919289,7.4633915918753,7.361820715281,9.25291295407814,6.11373342324118,7.92035398230088,10.0849488128948,7.29300729300729,7.62890955198648,6.95543523531862,6.30260726750154,7.45090099210367
West Bengal,CRUELTY BY HUSBAND OR RELATIVES,9.96900025833118,10.3618630471874,12.4327855671139,15.7159516661291,17.0037508273884,17.96549384511,23.7233711149984,32.3967373263148,37.8171576106091,41.358153803249,45.5009895521701,45.2773852395496
A&N Islands,CRUELTY BY HUSBAND OR RELATIVES,5.52147239263804,2.42424242424242,4.14201183431953,2.8735632183908,2.76243093922652,3.72340425531915,9.18367346938776,12.6829268292683,9.76744186046512,4.01785714285714,2.14592274678112,2.0746887966805
Chandigarh,CRUELTY BY HUSBAND OR RELATIVES,9.13705583756345,14,22.5728155339806,16.9767441860465,16.6666666666667,21.656050955414,22.6262626262626,9.38697318007663,9.27272727272727,7.08117443868739,7.59075907590759,11.5506329113924
D&N Haveli,CRUELTY BY HUSBAND OR RELATIVES,4.04040404040404,3.19148936170213,2.12765957446808,3.09278350515464,4.85436893203883,4.58715596330275,2.56410256410256,3.1496062992126,2.15827338129496,2,1.875,0
Daman & Diu,CRUELTY BY HUSBAND OR RELATIVES,6.06060606060606,4.22535211267606,0,5.06329113924051,3.65853658536585,2.35294117647059,3.40909090909091,5.61797752808989,3.2967032967033,3.2258064516129,2.10526315789474,3.09278350515464
Delhi UT,CRUELTY BY HUSBAND OR RELATIVES,2.21047573282076,2.10018668326073,18.3151845130067,18.4438888071775,18.9413447782547,24.0467575841915,24.194421879231,18.2740447957839,16.4529366504232,17.5215275177836,19.1256830601093,23.4494979326639
Lakshadweep,CRUELTY BY HUSBAND OR RELATIVES,0,0,3.03030303030303,2.94117647058823,0,2.77777777777778,5.40540540540541,2.7027027027027,0,0,0,2.56410256410256
Puducherry,CRUELTY BY HUSBAND OR RELATIVES,0.616016427104723,1.84049079754601,0.803212851405622,0.390625,1.13421550094518,3.47349177330896,2.99823633156966,2.03389830508475,1.6260162601626,1.09375,1.51285930408472,0.881057268722467
All India,CRUELTY BY HUSBAND OR RELATIVES,49170,49237,50703,58121,58319,63128,75930,81344,89546,94041,99135,106527
Andhra Pradesh,IMMORAL TRAFFIC(PREVENTION)ACT,3.53475041796035,2.28135886220173,0.902741852043456,1.03503795139155,1.72026170207391,1.64102307922869,1.51208183031082,0.872860635696821,0.675283183270404,1.31339277154635,1.17984996676479,1.11014417762307
Arunachal Pradesh,IMMORAL TRAFFIC(PREVENTION)ACT,0,0,0,0,0,0,0,0,0,0,0,0.168350168350168
Assam,IMMORAL TRAFFIC(PREVENTION)ACT,0.046591085572294,0.183346065699007,0.165438411791247,0.207392045033701,0.182455116041454,0.208603078693713,0.148946733810909,0.188890443542745,0.255419025265774,0.170322932279602,0.141223940820444,0.199189960825974
Bihar,IMMORAL TRAFFIC(PREVENTION)ACT,0.072946799144762,0.024662128834961,0.021777003484321,0.057015251579798,0.065348799215815,0.029826090946634,0.060931576096768,0.086618545252638,0.087481410200333,0.051714107177487,0.048853016142736,0.073316854497465
Chhattisgarh,IMMORAL TRAFFIC(PREVENTION)ACT,0.115830115830116,0.113808801213961,0.065268065268065,0.082553659878921,0.054171180931744,0.115565828073607,0.122602679744286,0.034521446448606,0.076576193312346,0.100696484014433,0.124161907126893,0.040836327997387
Goa,IMMORAL TRAFFIC(PREVENTION)ACT,4.24242424242424,3.79939209726444,3.75375375375375,4.11764705882353,5.4519368723099,3.63128491620112,1.35685210312076,1.8348623853211,2.90771175726928,1.9559902200489,2.14030915576694,4.64037122969838
Gujarat,IMMORAL TRAFFIC(PREVENTION)ACT,0.251183858348775,0.230918813806514,0.295102887222843,0.129599811491183,0.228292833926637,0.297482837528604,0.165475742760436,0.192921273280404,0.150111668436276,0.166263057071602,0.164191890348372,0.155153566768927
Haryana,IMMORAL TRAFFIC(PREVENTION)ACT,0.214701973213373,0.320802005012531,0.560527092142787,0.598340088785949,0.805305542396968,0.790991997022148,0.804681784930505,0.692134831460674,0.795544948289578,0.495652173913043,0.487804878048781,0.581346364478895
Himachal Pradesh,IMMORAL TRAFFIC(PREVENTION)ACT,0.033444816053512,0.066072018500165,0.163238654913483,0.12911555842479,0.127713920817369,0,0,0.030950170225936,0.153280196198651,0.030367446097783,0.060204695966285,0.17905102954342
Jammu & Kashmir,IMMORAL TRAFFIC(PREVENTION)ACT,0.146351662136734,0.061703002879474,0.040461258345135,0.218949044585987,0.058765915768854,0.096432015429123,0.018993352326686,0.074836295603368,0.110619469026549,0.072700836059615,0.035848718408317,0.05305978068624
Jharkhand,IMMORAL TRAFFIC(PREVENTION)ACT,0.022969144782176,0.022549609140108,0.044319692716797,0.021792822896993,0.092923516797713,0.077404827246499,0.097026820985515,0.054637344625051,0.006733099919203,0.086309919001461,0.098206101872463,0.077489345215033
Karnataka,IMMORAL TRAFFIC(PREVENTION)ACT,5.22503082614057,5.27515962298571,5.1042604260426,4.33172898926324,4.53747714808044,2.83908253566913,2.18454399428877,1.82087656150752,1.14810161920715,0.835375746487625,1.19885238062709,1.13240712571409
Kerala,IMMORAL TRAFFIC(PREVENTION)ACT,0.806205338056556,0.799176605921172,0.95438175270108,0.999940479733349,1.32829564909381,1.10694623404006,1.16819714053237,1.07868020304569,1.79819035620204,1.75717941427353,1.1127428829643,1.17851731298053
Madhya Pradesh,IMMORAL TRAFFIC(PREVENTION)ACT,0.051895931358982,0.047473719905053,0.109747580564701,0.075062824320355,0.060879874395207,0.037767916155226,0.058765309909687,0.030408076385088,0.056824979064481,0.055911953387087,0.069510817620992,0.037069776725883
Maharashtra,IMMORAL TRAFFIC(PREVENTION)ACT,0.501312448900555,0.385478883382048,0.373258820585537,0.634483891501201,0.44899279993528,0.753273151192682,0.632414172362322,0.633095196608004,0.51735328929785,0.576216928726109,0.724691541548982,0.671325592912563
Manipur,IMMORAL TRAFFIC(PREVENTION)ACT,0.373482726423903,0.552486187845304,0,0,0.088573959255979,0,0,0,0,0,0,1.22050447518308
Meghalaya,IMMORAL TRAFFIC(PREVENTION)ACT,0,0,0.085251491901108,0,0.083056478405316,0.082034454470878,0.081037277147488,0.24,0.07905138339921,0.234375,0.154320987654321,0.53394355453852
Mizoram,IMMORAL TRAFFIC(PREVENTION)ACT,0.466200466200466,0,0,1.11856823266219,0.221238938053097,0,0,0.212765957446808,0.210526315789474,0,1.64271047227926,0
Nagaland,IMMORAL TRAFFIC(PREVENTION)ACT,0.106044538706257,0.418410041841004,0.103305785123967,0.407747196738023,0.40281973816717,0.894632206759443,0.392541707556428,0.096993210475267,0.28735632183908,0.189393939393939,0.187090739008419,0.369685767097967
Odisha,IMMORAL TRAFFIC(PREVENTION)ACT,0.132275132275132,0.130683365096651,0.059203444564047,0.117089786577253,0.152679793619038,0.229214419670765,0.2062599907183,0.148064944348004,0.0707928802589,0.12523167860542,0.114155251141553,0.118052139695032
Punjab,IMMORAL TRAFFIC(PREVENTION)ACT,0.281343414805697,0.329861111111111,0.462843918745179,0.270865075334349,0.48494983277592,0.553536021150033,0.367496937525521,0.34716615533667,0.471057884231537,0.465997946449727,0.390869293308318,0.665634674922601
Rajasthan,IMMORAL TRAFFIC(PREVENTION)ACT,0.251042935725625,0.199037382839359,0.180972995990206,0.274993038150933,0.392866903525553,0.479688705511388,0.299884659746251,0.233183275577291,0.197420792867378,0.256851996867659,0.249722530521643,0.300564697310098
Sikkim,IMMORAL TRAFFIC(PREVENTION)ACT,0,0,0.386100386100386,0.381679389312977,0,0,0.732600732600733,0,0.357142857142857,1.05633802816901,0.348432055749129,0
Tamil Nadu,IMMORAL TRAFFIC(PREVENTION)ACT,16.8746976294146,11.2765141834909,8.98616782198588,9.48167670682731,8.63978594984755,5.34485418916834,3.67138220344173,2.087955505577,2.16053108026554,1.69918187539333,1.25029768992617,1.47893989588263
Tripura,IMMORAL TRAFFIC(PREVENTION)ACT,0,0,0,0,0,0,0,0,0,0.057339449541285,0.113314447592068,0
Uttar Pradesh,IMMORAL TRAFFIC(PREVENTION)ACT,0.033064998155991,0.052361895500617,0.057448785019313,0.052738190840335,0.036444862450035,0.080744696803664,0.055470651497142,0.06334107502028,0.042553191489362,0.024648755237861,0.045279363140492,0.032085118714939
Uttarakhand,IMMORAL TRAFFIC(PREVENTION)ACT,0,0,0,0.091386794608179,0.044953922229715,0.066371681415929,0.19603572206491,0.064350064350064,0.126796280642434,0.083298625572678,0.061588996099364,0.242964162785989
West Bengal,IMMORAL TRAFFIC(PREVENTION)ACT,0.080082665977784,0.106954595227788,0.381928740137695,0.300225789643451,0.181412566497512,0.159930212271009,0.148570606982819,0.147010006164936,0.147869968313578,0.130144786074508,0.220923275187555,0.248438710853809
A&N Islands,IMMORAL TRAFFIC(PREVENTION)ACT,0,0,0,0,0,0,0.510204081632653,0,0.465116279069767,1.33928571428571,1.28755364806867,0.829875518672199
Chandigarh,IMMORAL TRAFFIC(PREVENTION)ACT,0.761421319796954,0.75,0.970873786407767,2.09302325581395,2,0.636942675159236,1.01010101010101,1.34099616858238,0.727272727272727,0.518134715025907,0.165016501650165,0
D&N Haveli,IMMORAL TRAFFIC(PREVENTION)ACT,0,0,2.12765957446808,0,0,0,1.70940170940171,2.36220472440945,0,0.666666666666667,0.625,1.18343195266272
Daman & Diu,IMMORAL TRAFFIC(PREVENTION)ACT,4.54545454545455,4.22535211267606,0,1.26582278481013,1.21951219512195,1.17647058823529,5.68181818181818,6.74157303370787,4.3956043956044,6.45161290322581,6.31578947368421,3.09278350515464
Delhi UT,IMMORAL TRAFFIC(PREVENTION)ACT,1.52170430882589,1.07342874922215,0.695704779189353,1.80908957199588,2.16022889842632,1.55858613971611,0.852965069049553,0.790513833992095,0.34624262631444,0.349432172719331,0.400728597449909,0.283520378027171
Lakshadweep,IMMORAL TRAFFIC(PREVENTION)ACT,0,0,0,0,0,0,0,0,0,0,0,0
Puducherry,IMMORAL TRAFFIC(PREVENTION)ACT,8.0082135523614,5.52147239263804,2.61044176706827,0.78125,0.945179584120983,1.46252285191956,0.881834215167548,0.508474576271186,1.46341463414634,1.71875,0.453857791225416,0.587371512481645
All India,IMMORAL TRAFFIC(PREVENTION)ACT,8796,6598,5510,5748,5908,4541,3568,2660,2474,2499,2436,2563
Andhra Pradesh,INDECENT REPRESENTATION OF WOMEN(PREVENTION)ACT,2.45468779025025,6.29403598837057,2.35126745990688,2.8163254874901,6.71179932806224,3.3644719752223,2.48307555467708,2.17359413202934,1.70394036208733,1.80471670980731,0.745418288861457,0.049392007902721
Arunachal Pradesh,INDECENT REPRESENTATION OF WOMEN(PREVENTION)ACT,0,0,0,0,0,0,0,0,0,0,0,0
Assam,INDECENT REPRESENTATION OF WOMEN(PREVENTION)ACT,0.077651809287156,0.022918258212376,0,0,0,0,0,0.01399188470687,0,0,0.006724949562878,0.019918996082598
Bihar,INDECENT REPRESENTATION OF WOMEN(PREVENTION)ACT,0.007546220601182,0.002466212883496,0.002419667053813,0,0,0,0,0,0,0,0,0.010473836356781
Chhattisgarh,INDECENT REPRESENTATION OF WOMEN(PREVENTION)ACT,0,0,0,0,0,0,0,0,0.008508465923594,0.008391373667869,0,0.008167265599477
Goa,INDECENT REPRESENTATION OF WOMEN(PREVENTION)ACT,0,0,0,0,0,0,0,0,0.126422250316056,0,0.356718192627824,0
Gujarat,INDECENT REPRESENTATION OF WOMEN(PREVENTION)ACT,0,0.016204829039054,0.055830275961078,0,0,0,0,0,0,0,0,0
Haryana,INDECENT REPRESENTATION OF WOMEN(PREVENTION)ACT,0,0,0,0,0,0,0,0,0,0,0,0.016850619260258
Himachal Pradesh,INDECENT REPRESENTATION OF WOMEN(PREVENTION)ACT,0,0,0,0.064557779212395,0,0,0,0,0,0,0,0
Jammu & Kashmir,INDECENT REPRESENTATION OF WOMEN(PREVENTION)ACT,0,0,0,0,0,0,0,0,0.036873156342183,0,0,0
Jharkhand,INDECENT REPRESENTATION OF WOMEN(PREVENTION)ACT,0,0,0,0,0.014295925661187,0.014073604953909,0,0,0,0.039835347231443,0,0
Karnataka,INDECENT REPRESENTATION OF WOMEN(PREVENTION)ACT,0,0,0,0,0,0,0,0,0.003489670575098,0,0.006831067695881,0
Kerala,INDECENT REPRESENTATION OF WOMEN(PREVENTION)ACT,0.256519880290723,0.157413573893564,0.096038415366147,0.267841199928576,0.637581911565027,0.345554644488696,0.151110077879809,0.109598523304107,0.137441301110984,0.210406596531134,0.067781292363308,0.016835961614008
Madhya Pradesh,INDECENT REPRESENTATION OF WOMEN(PREVENTION)ACT,0,0,0,0,0,0.006294652692538,0,0,0.002990788371815,0,0,0
Maharashtra,INDECENT REPRESENTATION OF WOMEN(PREVENTION)ACT,0.019364000172125,0.008472063371034,0.016681958461924,0.022586805199072,0.016179920718389,0.017935075028397,0.003928038337654,0.001936070937639,0.001909052728036,0,0.001858183439869,0.00366844586291
Manipur,INDECENT REPRESENTATION OF WOMEN(PREVENTION)ACT,0,0,0,0,0,0,0,0,0,0,0,0
Meghalaya,INDECENT REPRESENTATION OF WOMEN(PREVENTION)ACT,0,0,0,0,0,0,0,0,0,0,0,0
Mizoram,INDECENT REPRESENTATION OF WOMEN(PREVENTION)ACT,0,0,0,0,0,0,0,0,0,0,0,0
Nagaland,INDECENT REPRESENTATION OF WOMEN(PREVENTION)ACT,0,0,0,0,0,0,0,0,0,0,0,0
Odisha,INDECENT REPRESENTATION OF WOMEN(PREVENTION)ACT,0,0,0,0,0.005264820469622,0,0,0,0,0,0.004963271788763,0.00491883915396
Punjab,INDECENT REPRESENTATION OF WOMEN(PREVENTION)ACT,0.008791981712678,0.069444444444445,0.008571183680466,0.016929067208397,0,0.008261731658956,0,0,0,0,0,0
Rajasthan,INDECENT REPRESENTATION OF WOMEN(PREVENTION)ACT,0.169823162402629,0.195418521333189,0.308718640218587,0.309802283486494,0.372369499863351,0.342155580154976,0.431702092601747,0.346536256760696,0.337525871676485,0.250587314017228,0.314465408805031,0.188232436699253
Sikkim,INDECENT REPRESENTATION OF WOMEN(PREVENTION)ACT,0,0,0,0,0,0,0,0,0,0,0,0
Tamil Nadu,INDECENT REPRESENTATION OF WOMEN(PREVENTION)ACT,0.035478148685696,0.01597239969333,0.018991548760802,0.320030120481928,0.093335822288594,0.108008023453171,0.076550921673097,0.012156946175121,0.006035003017502,0.041955108034403,0.02976899261729,0.100567912920019
Tripura,INDECENT REPRESENTATION OF WOMEN(PREVENTION)ACT,0,0,0,0,0,0,0,0,0,0,0,0
Uttar Pradesh,INDECENT REPRESENTATION OF WOMEN(PREVENTION)ACT,0.003815192094922,0,0,0,0,0,0,0,0,0.001071685010342,0.004212033780511,0
Uttarakhand,INDECENT REPRESENTATION OF WOMEN(PREVENTION)ACT,0,0,0,0,0,0,0,0,0,0,0,0
West Bengal,INDECENT REPRESENTATION OF WOMEN(PREVENTION)ACT,0,0,0.002512689079853,0.062030121827159,0.002451521168885,0.009692740137637,0.023963001126261,0.007113387395078,0.004694284708368,0.00464802807409,0.004602568233074,0.015954779596116
A&N Islands,INDECENT REPRESENTATION OF WOMEN(PREVENTION)ACT,0,0,0,0,0,0,0,0,0,0,0,0
Chandigarh,INDECENT REPRESENTATION OF WOMEN(PREVENTION)ACT,0.253807106598985,0,0,0,0,0,0.202020202020202,0,0,0,0,0
D&N Haveli,INDECENT REPRESENTATION OF WOMEN(PREVENTION)ACT,0,0,0,0,0,0,0,0,0,0,0,0
Daman & Diu,INDECENT REPRESENTATION OF WOMEN(PREVENTION)ACT,0,0,0,0,0,0,0,0,0,0,0,0
Delhi UT,INDECENT REPRESENTATION OF WOMEN(PREVENTION)ACT,0.016017940092904,0,0,0,0.014306151645208,0.013915947676037,0,0,0,0,0.012143290831816,0
Lakshadweep,INDECENT REPRESENTATION OF WOMEN(PREVENTION)ACT,0,0,0,0,0,0,0,0,0,2.63157894736842,0,0
Puducherry,INDECENT REPRESENTATION OF WOMEN(PREVENTION)ACT,0,0,0,0,0,0,0,0,0,0,0,0
All India,INDECENT REPRESENTATION OF WOMEN(PREVENTION)ACT,1052,2508,1043,1378,2917,1562,1200,1025,845,895,453,141
Andhra Pradesh,TOTAL CRIMES AGAINST WOMEN,43.7252872648144,49.4512690222374,47.5478530781169,48.3554396994557,52.590496880289,53.6617044659806,61.1207194742304,58.9511002444988,61.8864362474586,65.2957530438117,67.0544107871997,66.2582026013124
Arunachal Pradesh,TOTAL CRIMES AGAINST WOMEN,34.7490347490347,30.2857142857143,26.1278195488722,27.4582560296846,27.4725274725275,30.379746835443,33.0357142857143,30.8641975308642,28.6212914485166,32.7586206896552,29.1311754684838,33.8383838383838
Assam,TOTAL CRIMES AGAINST WOMEN,32.9476626805405,38.899923605806,39.9458565197774,42.2190948818606,43.9862793752737,48.9210185584808,48.5424498191361,56.8210437945991,67.1061714759078,78.7232592996321,77.3570948217888,89.9276276475666
Bihar,TOTAL CRIMES AGAINST WOMEN,13.4725191799774,14.1634605899181,14.276035617499,19.2212666888393,14.0476579457138,15.4636809984858,17.0337606066077,19.2382009994448,19.2524713498382,18.2529250791872,21.7310960067969,23.5221416900582
Chhattisgarh,TOTAL CRIMES AGAINST WOMEN,38.503861003861,33.5546282245827,31.1048951048951,34.5166024582645,32.4936800288913,33.3985243132723,33.0589368596199,34.1934927073444,34.0508806262231,35.0423764370227,34.9226057445576,34.53119895459
Goa,TOTAL CRIMES AGAINST WOMEN,12.5757575757576,11.5501519756839,18.1681681681682,19.4117647058824,17.3601147776184,13.4078212290503,10.8548168249661,17.0380078636959,20.7332490518331,17.1149144254279,15.1010701545779,23.2018561484919
Gujarat,TOTAL CRIMES AGAINST WOMEN,23.9036442248301,21.7671366067088,22.8704737597703,24.3922554294466,24.5434143321467,27.7612509534706,31.0643098909364,31.9655709727684,29.3230329879545,29.4502475873785,31.464163335237,33.7141648154025
Haryana,TOTAL CRIMES AGAINST WOMEN,34.6897045291893,43.9598997493734,41.0069820041302,41.2661648330438,39.4220748460445,42.964824120603,42.4743964886613,46.2202247191011,46.9548307257138,48.3652173913043,46.9918699186992,50.5687084000337
Himachal Pradesh,TOTAL CRIMES AGAINST WOMEN,29.7658862876254,27.6841757515692,23.8001958863859,26.5655261459006,25.3192848020434,25.0157927984839,31.8224445139106,30.3002166511916,29.2458614347026,31.2177345885211,30.0120409391933,27.2157564905998
Jammu & Kashmir,TOTAL CRIMES AGAINST WOMEN,34.6226217854903,41.4644179350062,43.7790815294356,43.9490445859873,41.998041136141,46.9045323047252,47.8822412155746,42.9373246024322,48.377581120944,47.4554707379135,56.3900340562825,58.8609833746021
Jharkhand,TOTAL CRIMES AGAINST WOMEN,17.0660745731567,18.7161755862898,18.3778992465652,18.0880430045039,18.1844174410293,20.9626345788474,22.9884260863539,21.7388334926923,20.3406948559117,20.4952861505776,20.5054340709703,29.2909724912824
Karnataka,TOTAL CRIMES AGAINST WOMEN,23.1273119605425,23.4493767102463,21.8796879687969,20.0777489818586,22.146252285192,21.9757991692252,23.4481527752989,24.3171712894347,27.4008933556672,30.4014636335393,32.7686317371405,35.0403948213501
Kerala,TOTAL CRIMES AGAINST WOMEN,33.2865082758199,35.2909123932918,33.9315726290516,38.5869888697101,39.9197119074326,44.2427082113155,45.5480646286179,46.8216428241809,46.0943763600962,53.8129087290304,63.7596023497515,61.3390201470341
Madhya Pradesh,TOTAL CRIMES AGAINST WOMEN,50.3355936894547,51.7463546965073,48.378728923476,49.6165268757547,46.5538786888398,45.0728606049161,47.5380428058889,45.332360274889,47.335207560713,48.4609499146607,48.0754192371188,47.996806296159
Maharashtra,TOTAL CRIMES AGAINST WOMEN,26.9460820172985,23.9801753717118,23.5069647176579,24.9871665879551,27.0406925006067,28.7997449233774,29.3110220755755,30.7099572128323,28.727425451491,29.6337444685058,29.2255091422625,29.9950475980851
Manipur,TOTAL CRIMES AGAINST WOMEN,10.4575163398693,15.6537753222836,12.4545454545455,12.0287253141831,12.400354295837,14.9606299212598,16.2489196197061,18.0187873612297,16.3575042158516,15.8333333333333,20.3459637561779,24.7355573637103
Meghalaya,TOTAL CRIMES AGAINST WOMEN,5.7742782152231,6.13126079447323,5.88235294117647,9.50378469301934,10.8803986710963,14.4380639868745,13.9384116693679,16.64,18.7351778656126,20.390625,20.7561728395062,19.4508009153318
Mizoram,TOTAL CRIMES AGAINST WOMEN,29.3706293706294,35.4022988505747,33.3333333333333,20.3579418344519,21.0176991150442,27.292576419214,32.5431034482759,34.468085106383,31.5789473684211,35.3430353430353,34.2915811088296,40.3651115618661
Nagaland,TOTAL CRIMES AGAINST WOMEN,3.1813361611877,2.71966527196653,2.58264462809917,3.05810397553517,3.72608257804632,4.27435387673956,3.14033366045142,4.55868089233754,4.40613026819923,3.88257575757576,3.55472404115996,4.71349353049908
Odisha,TOTAL CRIMES AGAINST WOMEN,29.5249118165785,26.0223250748707,26.6200215285253,27.8833359944648,32.8998631146678,35.5542821421129,37.6630743051617,42.3925252731543,41.0598705501618,42.583779992987,46.8185427834028,58.9670437776685
Punjab,TOTAL CRIMES AGAINST WOMEN,20.7578688236328,19.921875,20.3565612411074,16.5481631962079,16.4632107023411,18.5228023793787,22.0008166598612,21.2094300016147,21.0059880239521,22.5337651054419,20.6457160725453,25.061919504644
Rajasthan,TOTAL CRIMES AGAINST WOMEN,44.9477609185218,43.6036622878442,41.9147652673787,45.6940963519911,39.8230390817163,43.3866693502398,47.0258691711979,46.931372866535,55.1377169240567,56.9522317932655,61.3145887285732,64.077964660878
Sikkim,TOTAL CRIMES AGAINST WOMEN,9.52380952380952,10.9803921568627,14.2857142857143,18.7022900763359,23.3082706766917,17.4721189591078,20.1465201465201,17.3913043478261,14.6428571428571,14.7887323943662,19.1637630662021,23.3676975945017
Tamil Nadu,TOTAL CRIMES AGAINST WOMEN,32.6108692146428,31.2995144390493,28.1328142310005,29.2796184738956,26.9056063717255,20.0246875482179,23.9175699675424,21.9432878460931,18.2589016294508,20.1024903353412,20.6596808763991,21.2730714623758
Tripura,TOTAL CRIMES AGAINST WOMEN,28.131021194605,33.9670468948036,33.5834896810507,41.358024691358,51.219512195122,58.0373269114991,63.436385255648,83.1473869641809,87.9930394431555,96.2155963302752,76.9405099150142,87.2900335946249
Uttar Pradesh,TOTAL CRIMES AGAINST WOMEN,25.7232968346623,19.5072994975751,15.6945191414462,18.5602473900589,17.487655772396,18.8884915737141,23.7652119771325,26.1909788974208,25.3726132024004,21.614814973583,23.8390581892467,24.3940052578195
Uttarakhand,TOTAL CRIMES AGAINST WOMEN,17.9918328128753,20.5479452054794,20.5759405480725,22.5725382682202,17.6668914362778,22.9646017699115,23.8945763450229,24.6889746889747,25.105663567202,22.3656809662641,20.4475467049887,21.6035634743875
West Bengal,TOTAL CRIMES AGAINST WOMEN,16.9723585636786,17.423412870203,21.3779586913915,27.4098702329851,29.1412321345395,30.980420664922,39.6443890632863,49.5850524019538,54.7048468489614,60.714866717795,67.0433101670732,70.5246843232894
A&N Islands,TOTAL CRIMES AGAINST WOMEN,20.8588957055215,16.3636363636364,13.0177514792899,15.5172413793103,12.1546961325967,19.1489361702128,28.5714285714286,39.0243902439024,42.7906976744186,37.9464285714286,21.8884120171674,20.3319502074689
Chandigarh,TOTAL CRIMES AGAINST WOMEN,38.0710659898477,47.25,38.5922330097087,43.7209302325581,45.5555555555556,47.5583864118896,46.4646464646465,27.3946360153257,27.2727272727273,24.3523316062176,25.7425742574257,38.1329113924051
D&N Haveli,TOTAL CRIMES AGAINST WOMEN,19.1919191919192,15.9574468085106,13.8297872340426,22.680412371134,23.3009708737864,29.3577981651376,15.3846153846154,22.0472440944882,14.3884892086331,20,11.25,9.46745562130178
Daman & Diu,TOTAL CRIMES AGAINST WOMEN,15.1515151515152,11.2676056338028,13.3333333333333,8.86075949367089,12.1951219512195,10.5882352941176,12.5,16.8539325842697,14.2857142857143,15.0537634408602,11.5789473684211,11.340206185567
Delhi UT,TOTAL CRIMES AGAINST WOMEN,36.6971007528432,34.4741754822651,49.6370235934664,54.0814825709663,62.2460658082976,63.2340662399109,65.0419712970485,51.8840579710145,54.5139779430623,56.3833770123549,63.5579842137219,70.3957471943296
Lakshadweep,TOTAL CRIMES AGAINST WOMEN,0,6.25,12.1212121212121,2.94117647058823,0,2.77777777777778,13.5135135135135,10.8108108108108,2.7027027027027,2.63157894736842,0,5.12820512820513
Puducherry,TOTAL CRIMES AGAINST WOMEN,24.435318275154,28.8343558282209,24.2971887550201,21.484375,24.007561436673,27.2394881170018,31.5696649029982,21.864406779661,17.2357723577236,17.96875,13.464447806354,8.95741556534508
TOTAL Crime against Women,TOTAL CRIMES AGAINST WOMEN,143795,143034,140601,154333,155553,164765,185312,195857,203804,213585,228650,244270
